"date","day","flow_cms","temp_c","month"
"10/03/1982",1,400,12,10
"10/04/1982",2,396.170174313093,11.7179583467063,10
"10/05/1982",3,428.444754268452,11.9213173183815,10
"10/06/1982",4,434.038387514289,11.812869183536,10
"10/07/1982",5,435.841496170878,12.0140749763231,10
"10/08/1982",6,408.77553250572,11.8807355695951,10
"10/09/1982",7,359.64326714107,12.1421025272374,10
"10/10/1982",8,339.660770910304,12.0612200375823,10
"10/11/1982",9,348.979733841174,12.3826184356465,10
"10/12/1982",10,332.362755629533,12.4298136009978,10
"10/13/1982",11,317.304181055919,12.3379516082318,10
"10/14/1982",12,314.352012356667,12.2429248090319,10
"10/15/1982",13,324.445123130944,12.0357911345289,10
"10/16/1982",14,334.687263632555,12.0867984273675,10
"10/17/1982",15,353.513329479884,12.2215011041883,10
"10/18/1982",16,360.807212733974,12.0954016206588,10
"10/19/1982",17,347.280260681226,12.023644631427,10
"10/20/1982",18,312.006977489857,12.1180251107067,10
"10/21/1982",19,327.807706214673,11.5489805919253,10
"10/22/1982",20,343.867371608848,11.5699588794548,10
"10/23/1982",21,308.538290078896,11.7541012763875,10
"10/24/1982",22,312.093465977902,12.2746191967279,10
"10/25/1982",23,356.057534456087,12.2022212710359,10
"10/26/1982",24,325.621781438047,11.9873563267659,10
"10/27/1982",25,337.538875997418,11.9016434041495,10
"10/28/1982",26,362.00548629072,11.6182290019114,10
"10/29/1982",27,357.441662183082,11.7123962514343,10
"10/30/1982",28,386.347776124195,11.6265221239333,10
"10/31/1982",29,383.32523716156,11.6717502356634,10
"11/01/1982",30,390.485069170677,11.7246145342918,11
"11/02/1982",31,404.812413422102,11.5557395044824,11
"11/03/1982",32,404.390194981968,11.3229200272811,11
"11/04/1982",33,389.553761558911,11.2251895648519,11
"11/05/1982",34,365.17745787617,11.136202855664,11
"11/06/1982",35,363.747730490144,11.095026902433,11
"11/07/1982",36,358.820890370594,11.2033289276328,11
"11/08/1982",37,348.496349420556,11.3271018979773,11
"11/09/1982",38,388.232445872339,10.9221432953875,11
"11/10/1982",39,388.213713676378,10.7838717304252,11
"11/11/1982",40,372.985703297429,10.8013884684035,11
"11/12/1982",41,373.740815522235,11.2143514512048,11
"11/13/1982",42,386.60025037521,11.3506977810203,11
"11/14/1982",43,354.07532535439,11.4338242378598,11
"11/15/1982",44,350.626187166419,11.2843510831234,11
"11/16/1982",45,384.487571705315,11.353250268182,11
"11/17/1982",46,379.88971439741,11.4024436046078,11
"11/18/1982",47,397.577087941228,11.2466208290456,11
"11/19/1982",48,401.686825564002,11.07573929373,11
"11/20/1982",49,394.469201016041,11.3184166541896,11
"11/21/1982",50,387.121480378333,11.3979855455316,11
"11/22/1982",51,401.617035327258,11.5028074531072,11
"11/23/1982",52,404.202597408926,11.4376836472312,11
"11/24/1982",53,425.806871207975,11.4148431429468,11
"11/25/1982",54,443.748560358809,11.5389757694144,11
"11/26/1982",55,444.919143371415,11.8027968016344,11
"11/27/1982",56,455.829401879591,11.8747736798632,11
"11/28/1982",57,455.944806474913,11.6473895785208,11
"11/29/1982",58,432.309755563997,11.4129738685906,11
"11/30/1982",59,404.794174898097,11.2433366981525,11
"12/01/1982",60,420.222645294392,11.6244025079551,12
"12/02/1982",61,383.911796833388,11.9028505526801,12
"12/03/1982",62,376.162213821619,11.8551218667433,12
"12/04/1982",63,382.940271431633,11.9696319314942,12
"12/05/1982",64,374.304118875482,11.8887645792805,12
"12/06/1982",65,373.577997187939,11.8228858524828,12
"12/07/1982",66,356.643987007418,11.9888257182369,12
"12/08/1982",67,374.278706705993,12.0851272092705,12
"12/09/1982",68,390.818105945492,12.184803220897,12
"12/10/1982",69,363.335562737988,12.0685801315315,12
"12/11/1982",70,342.109314400291,12.326157634173,12
"12/12/1982",71,363.14961044461,12.2984270469799,12
"12/13/1982",72,403.262567187265,12.1810579030657,12
"12/14/1982",73,364.715856462692,12.3042272936883,12
"12/15/1982",74,347.491519173112,12.4110631244941,12
"12/16/1982",75,355.808433439434,12.712132783556,12
"12/17/1982",76,380.116491569567,12.4487678931358,12
"12/18/1982",77,395.784768624881,12.4763471326444,12
"12/19/1982",78,433.901195119402,12.412300623635,12
"12/20/1982",79,424.879948039911,12.4905049047091,12
"12/21/1982",80,435.540883124936,12.4278666573913,12
"12/22/1982",81,423.671610025258,12.5086983040511,12
"12/23/1982",82,385.800638730026,12.5902141159775,12
"12/24/1982",83,371.896274045813,12.5937140136097,12
"12/25/1982",84,385.12588213837,12.6464887332461,12
"12/26/1982",85,384.592211864824,12.3560329639495,12
"12/27/1982",86,359.523126128519,12.3288200224622,12
"12/28/1982",87,361.223347058981,12.3349029557627,12
"12/29/1982",88,402.863621885035,12.3640964365199,12
"12/30/1982",89,381.88820771106,12.3018955423952,12
"12/31/1982",90,429.904704413701,12.4195946272116,12
"01/01/1983",91,440.170030239288,12.3006378055608,1
"01/02/1983",92,417.441750759195,12.107265161665,1
"01/03/1983",93,425.202020149569,11.6361288463048,1
"01/04/1983",94,428.469451700885,12.1130638887476,1
"01/05/1983",95,401.035590303625,12.1413922099701,1
"01/06/1983",96,367.273650027314,12.0141216971757,1
"01/07/1983",97,333.558942176356,11.7994649896375,1
"01/08/1983",98,337.554096814625,11.7942151281031,1
"01/09/1983",99,354.410229740705,11.6459137050055,1
"01/10/1983",100,386.875792960074,11.8457327726199,1
"01/11/1983",101,405.598993022573,11.9816100891196,1
"01/12/1983",102,418.992179271923,12.392665012202,1
"01/13/1983",103,434.279159626,12.2471627422077,1
"01/14/1983",104,411.22297059034,12.4475771211295,1
"01/15/1983",105,398.537617105917,12.635665492683,1
"01/16/1983",106,389.465103023225,12.6956781889705,1
"01/17/1983",107,372.336500457577,12.8596649757229,1
"01/18/1983",108,388.911666065594,12.9401523802319,1
"01/19/1983",109,368.778428570386,12.3925671253244,1
"01/20/1983",110,400.074401443165,12.4515921814956,1
"01/21/1983",111,440.197206873642,12.8147244764847,1
"01/22/1983",112,421.419532244683,12.599127825089,1
"01/23/1983",113,415.41445921896,12.2291339644953,1
"01/24/1983",114,432.346524425388,12.1605508009889,1
"01/25/1983",115,417.761737431991,12.0039392653872,1
"01/26/1983",116,450.896124571477,12.1646827372526,1
"01/27/1983",117,455.72132073052,12.2412535866887,1
"01/28/1983",118,417.986099280384,12.2325833228614,1
"01/29/1983",119,402.78773272116,12.775211021484,1
"01/30/1983",120,415.617259610534,12.9088010001668,1
"01/31/1983",121,420.609625602736,12.9706414359642,1
"02/01/1983",122,426.560709602804,13.2979820807051,2
"02/02/1983",123,433.709276115892,13.1158818053374,2
"02/03/1983",124,444.893944128014,12.7087468157233,2
"02/04/1983",125,434.65516402247,12.9256573478177,2
"02/05/1983",126,429.078136549045,12.5463434190681,2
"02/06/1983",127,452.958685462625,12.7147741613204,2
"02/07/1983",128,455.51585497644,12.8010080356641,2
"02/08/1983",129,473.938776004564,12.8218151379339,2
"02/09/1983",130,465.864703551715,12.8023272302898,2
"02/10/1983",131,480.115563270505,12.6037258302181,2
"02/11/1983",132,478.62783733716,12.3307922095509,2
"02/12/1983",133,482.519836670887,12.4813370742329,2
"02/13/1983",134,481.888168737725,12.3246655781425,2
"02/14/1983",135,460.898852788261,12.1070191981105,2
"02/15/1983",136,485.149648706993,12.1069685901944,2
"02/16/1983",137,462.334189284543,11.9502653905573,2
"02/17/1983",138,456.360194261747,12.0180851013969,2
"02/18/1983",139,461.758913357699,12.2092002150409,2
"02/19/1983",140,450.903955104884,12.2236883399337,2
"02/20/1983",141,438.317403569652,12.0025104872448,2
"02/21/1983",142,434.081385264764,12.1724573942254,2
"02/22/1983",143,454.182441429988,12.2716748029882,2
"02/23/1983",144,434.057327114568,12.6415836409125,2
"02/24/1983",145,435.547384556846,12.5592239129764,2
"02/25/1983",146,436.251061852099,12.4248135334229,2
"02/26/1983",147,459.955904490559,12.4413666037827,2
"02/27/1983",148,447.393218891529,12.7042103058804,2
"02/28/1983",149,418.428136649481,12.5820484114706,2
"03/01/1983",150,434.511609073529,12.4899883035035,3
"03/02/1983",151,423.706588258529,12.2750818095465,3
"03/03/1983",152,448.282854470176,12.6973783814124,3
"03/04/1983",153,461.345639556569,12.486747613347,3
"03/05/1983",154,480.459686483824,12.1112589158321,3
"03/06/1983",155,484.055397614537,12.1960833738491,3
"03/07/1983",156,477.864164125548,11.9929075931555,3
"03/08/1983",157,459.837126961994,11.8315770943338,3
"03/09/1983",158,477.741638833256,12.0148551428952,3
"03/10/1983",159,426.754097945211,11.8846626106507,3
"03/11/1983",160,448.810004621002,11.947803817838,3
"03/12/1983",161,432.36061366319,11.9329796039499,3
"03/13/1983",162,434.341818454359,12.1762336321397,3
"03/14/1983",163,413.956462590017,11.8914153396466,3
"03/15/1983",164,410.053307446498,12.1370391370828,3
"03/16/1983",165,399.373069578451,12.3230610380752,3
"03/17/1983",166,413.691350286476,12.4918290598101,3
"03/18/1983",167,405.266067386237,12.4945269728219,3
"03/19/1983",168,382.902380995302,12.0662899875741,3
"03/20/1983",169,433.341299094568,12.2069476602706,3
"03/21/1983",170,429.684508224556,12.1353432044256,3
"03/22/1983",171,426.941484665008,12.0500143603074,3
"03/23/1983",172,422.607834158553,11.9800217911481,3
"03/24/1983",173,440.603889378634,11.7356195172716,3
"03/25/1983",174,435.398226633429,11.8037054689467,3
"03/26/1983",175,458.358459363057,11.8817034650958,3
"03/27/1983",176,456.934344646574,11.901780756691,3
"03/28/1983",177,422.257940395444,11.8813973481476,3
"03/29/1983",178,418.313444073331,11.7641448424255,3
"03/30/1983",179,423.517407107153,11.6903025715653,3
"03/31/1983",180,419.333898370596,11.7765487909873,3
"04/01/1983",181,434.703289574929,12.1012111070667,4
"04/02/1983",182,446.369936206678,12.0761527007959,4
"04/03/1983",183,438.439596102938,12.1893593658373,4
"04/04/1983",184,433.377703636726,12.1517571116878,4
"04/05/1983",185,408.957340529237,11.8950633671692,4
"04/06/1983",186,390.529030022747,12.2337377382275,4
"04/07/1983",187,382.866103060775,12.1311115475559,4
"04/08/1983",188,361.681096792206,12.1901807259223,4
"04/09/1983",189,397.150764535229,11.7962227529657,4
"04/10/1983",190,411.150993033096,11.7811077101467,4
"04/11/1983",191,408.919781474582,12.1057060569446,4
"04/12/1983",192,361.603749428072,12.0394603543353,4
"04/13/1983",193,363.090456005851,12.0934612443325,4
"04/14/1983",194,391.041645041977,12.0092326345012,4
"04/15/1983",195,408.139336520471,12.1570603499864,4
"04/16/1983",196,416.695278866932,11.9093466801793,4
"04/17/1983",197,425.519981496576,11.535976601656,4
"04/18/1983",198,421.902241473329,11.3736305601973,4
"04/19/1983",199,426.4674555407,11.0947745752442,4
"04/20/1983",200,404.694765289577,11.6230553593775,4
"04/21/1983",201,408.585072467213,11.5910346323578,4
"04/22/1983",202,405.869736365025,11.7251705001878,4
"04/23/1983",203,425.548494897072,11.462020674485,4
"04/24/1983",204,464.69768394088,11.2565389893552,4
"04/25/1983",205,469.417642758253,11.6463063015264,4
"04/26/1983",206,489.158923519985,11.7708388434157,4
"04/27/1983",207,490.116847681382,11.4684741175985,4
"04/28/1983",208,461.011272860154,11.3998110606431,4
"04/29/1983",209,434.563289945329,11.5145491731418,4
"04/30/1983",210,437.699925105328,12.0198624740263,4
"05/01/1983",211,416.034434284115,12.20402410172,5
"05/02/1983",212,408.513762990064,12.335613200517,5
"05/03/1983",213,384.612012258488,12.5121320181203,5
"05/04/1983",214,403.54576191205,12.5474628397372,5
"05/05/1983",215,406.749213146759,12.6923614514986,5
"05/06/1983",216,416.039608841395,12.8960758279218,5
"05/07/1983",217,430.960691063955,13.1572729262066,5
"05/08/1983",218,465.115768435528,13.1882098374511,5
"05/09/1983",219,436.163223603345,13.2683261982339,5
"05/10/1983",220,460.411169021337,13.294543524291,5
"05/11/1983",221,466.969335079555,13.1349880039863,5
"05/12/1983",222,478.926662673857,13.0400074305343,5
"05/13/1983",223,456.934437074093,12.7397087229155,5
"05/14/1983",224,449.378530895148,12.818740142954,5
"05/15/1983",225,453.89015510251,12.9016608258934,5
"05/16/1983",226,487.811427313999,12.5680073126188,5
"05/17/1983",227,469.374991099661,12.6357698429855,5
"05/18/1983",228,468.648584260571,12.3481719346745,5
"05/19/1983",229,473.421132175936,12.2501397193964,5
"05/20/1983",230,469.751736152537,12.211556333528,5
"05/21/1983",231,465.684835908287,11.9797150816549,5
"05/22/1983",232,463.146111448354,11.8066529878068,5
"05/23/1983",233,430.069419891445,11.574914229709,5
"05/24/1983",234,415.46159703489,11.7727275134188,5
"05/25/1983",235,408.330889091379,11.9322174592629,5
"05/26/1983",236,388.092818723618,12.1173872576285,5
"05/27/1983",237,408.666506319184,12.2723683552266,5
"05/28/1983",238,414.167225924391,12.1536373426981,5
"05/29/1983",239,432.070353433262,12.2797591192705,5
"05/30/1983",240,419.737916485715,12.1430470586577,5
"05/31/1983",241,399.064351113318,12.3193107043292,5
"06/01/1983",242,391.830235466292,12.1656713522157,6
"06/02/1983",243,393.799214469183,12.0300291608404,6
"06/03/1983",244,418.565584313133,11.9083121225242,6
"06/04/1983",245,423.916130080001,11.8791392126698,6
"06/05/1983",246,428.973586691246,11.7642543571468,6
"06/06/1983",247,418.203257443828,11.8474222257827,6
"06/07/1983",248,434.858972569636,11.6419459411421,6
"06/08/1983",249,453.419772474061,11.619811343301,6
"06/09/1983",250,450.585911834034,11.4635213582744,6
"06/10/1983",251,458.761647961056,11.8271798531853,6
"06/11/1983",252,458.078142810534,11.9968733880377,6
"06/12/1983",253,405.371914318538,12.5357122517257,6
"06/13/1983",254,407.848743863153,12.455262243326,6
"06/14/1983",255,408.315395242248,12.4213322673965,6
"06/15/1983",256,440.570368076724,12.625181414532,6
"06/16/1983",257,429.467921084673,12.7062731507957,6
"06/17/1983",258,450.110902268537,12.7056139646416,6
"06/18/1983",259,430.401886916655,12.3473850335721,6
"06/19/1983",260,409.740882321427,12.2247576338191,6
"06/20/1983",261,442.410786431793,12.2497718292395,6
"06/21/1983",262,447.582245215166,12.3048975273288,6
"06/22/1983",263,452.837237844048,12.2740430026797,6
"06/23/1983",264,412.947595456469,12.2876085357799,6
"06/24/1983",265,424.693463720435,12.3794658601223,6
"06/25/1983",266,427.274429166354,12.4933970206537,6
"06/26/1983",267,410.559309097698,12.69633389902,6
"06/27/1983",268,440.929968162217,12.7324617010177,6
"06/28/1983",269,444.899550303177,12.7987720068192,6
"06/29/1983",270,418.043905409469,12.9535536534941,6
"06/30/1983",271,413.369880660661,12.9497374433154,6
"07/01/1983",272,390.518308212941,12.7874467100002,7
"07/02/1983",273,374.120563942291,12.2018002921436,7
"07/03/1983",274,430.637289556484,12.1648049337333,7
"07/04/1983",275,410.454421491506,12.2360312131494,7
"07/05/1983",276,428.438640319491,12.3231980452291,7
"07/06/1983",277,407.695690914319,12.4306830398485,7
"07/07/1983",278,381.380123564634,12.6666482840468,7
"07/08/1983",279,383.755307753067,12.3822304235462,7
"07/09/1983",280,423.121233929829,12.4332603621411,7
"07/10/1983",281,441.280549475064,12.8058005730984,7
"07/11/1983",282,439.104120633583,12.773925973645,7
"07/12/1983",283,456.715433211691,12.5959728094807,7
"07/13/1983",284,424.772689897773,12.2322600043479,7
"07/14/1983",285,398.339318067535,12.2923767241807,7
"07/15/1983",286,410.95885170211,12.1022952933367,7
"07/16/1983",287,426.447256510164,12.291418731826,7
"07/17/1983",288,423.723090495507,12.2083749204832,7
"07/18/1983",289,439.893238548688,12.4453775773738,7
"07/19/1983",290,426.493650537357,12.2396758419718,7
"07/20/1983",291,465.333284558236,12.4931175587256,7
"07/21/1983",292,440.185677789096,12.241506138132,7
"07/22/1983",293,434.257983053809,12.1502546862703,7
"07/23/1983",294,412.972876226085,12.1734947017332,7
"07/24/1983",295,430.733910556316,12.4848680538465,7
"07/25/1983",296,443.271163868387,12.3178018582324,7
"07/26/1983",297,440.478260905016,12.170438873801,7
"07/27/1983",298,442.87964757815,11.9765802138893,7
"07/28/1983",299,411.874421272566,11.7184829943808,7
"07/29/1983",300,435.466186621578,11.459111155323,7
"07/30/1983",301,446.438961272215,11.5407055078757,7
"07/31/1983",302,456.891138694529,11.8153317873476,7
"08/01/1983",303,476.629603588353,11.957109853969,8
"08/02/1983",304,422.553086510188,11.9582052893236,8
"08/03/1983",305,421.158503884411,11.6514986226479,8
"08/04/1983",306,388.810832016921,11.9395417774245,8
"08/05/1983",307,369.365266423889,12.1713233509899,8
"08/06/1983",308,338.96747318125,12.1465217083712,8
"08/07/1983",309,337.060482548182,12.0739125193596,8
"08/08/1983",310,330.422801089685,11.7825222729765,8
"08/09/1983",311,328.859912320395,11.763803341329,8
"08/10/1983",312,344.619036866809,11.9613485224532,8
"08/11/1983",313,354.149379647712,11.934514180607,8
"08/12/1983",314,386.407748536428,12.0184514020777,8
"08/13/1983",315,428.108211609903,12.2498752802474,8
"08/14/1983",316,422.016653329149,12.3535605163375,8
"08/15/1983",317,431.117283845977,12.6936591799469,8
"08/16/1983",318,429.496374318151,12.5491859050825,8
"08/17/1983",319,430.071780757195,12.6420311188971,8
"08/18/1983",320,446.050001894815,12.5778817572211,8
"08/19/1983",321,398.990307594936,12.2348936080188,8
"08/20/1983",322,379.466982566627,12.3447624826263,8
"08/21/1983",323,397.595294605039,12.2439161537129,8
"08/22/1983",324,381.477231677352,12.1827177917791,8
"08/23/1983",325,347.788087371197,12.2338414666798,8
"08/24/1983",326,341.755364972803,12.0113611398416,8
"08/25/1983",327,373.788826455494,11.7819964174532,8
"08/26/1983",328,355.165311524472,11.858846007451,8
"08/27/1983",329,356.097295239265,11.7899892603279,8
"08/28/1983",330,379.446848684146,12.0059202862749,8
"08/29/1983",331,369.244793531895,12.0176309138941,8
"08/30/1983",332,376.213498863723,11.9344315340809,8
"08/31/1983",333,382.105039277863,12.058596068648,8
"09/01/1983",334,399.074408584939,12.2504223363794,9
"09/02/1983",335,372.269917232728,11.7600847935392,9
"09/03/1983",336,381.643136449061,12.0092972548824,9
"09/04/1983",337,369.694416871437,11.8823985338658,9
"09/05/1983",338,395.061209225029,11.7109532440858,9
"09/06/1983",339,396.475072629644,11.5314937539317,9
"09/07/1983",340,423.312667122239,11.3751367033498,9
"09/08/1983",341,411.612970183426,11.6043177155243,9
"09/09/1983",342,414.88163565646,11.7127793384877,9
"09/10/1983",343,406.949033582943,12.1303596748435,9
"09/11/1983",344,457.146109970313,11.9673725003748,9
"09/12/1983",345,417.455972182722,11.7834631146007,9
"09/13/1983",346,432.432838849202,11.865047491228,9
"09/14/1983",347,382.344139615366,12.0976107295454,9
"09/15/1983",348,381.179533081831,11.7683153722187,9
"09/16/1983",349,368.387720243424,11.7678988634619,9
"09/17/1983",350,366.537215176587,11.3957282703699,9
"09/18/1983",351,392.459616301187,11.2483758784475,9
"09/19/1983",352,371.688766028607,11.4247391794749,9
"09/20/1983",353,394.957462010501,11.3634602216935,9
"09/21/1983",354,406.724073852734,11.6018308248533,9
"09/22/1983",355,425.887892195048,11.6520225399409,9
"09/23/1983",356,416.551395553608,11.7418162264451,9
"09/24/1983",357,421.764763095261,11.5132575078332,9
"09/25/1983",358,372.547668485565,11.7644905033392,9
"09/26/1983",359,317.342172267618,11.9763300531829,9
"09/27/1983",360,318.11028866441,11.7998766455529,9
"09/28/1983",361,290.391419880712,11.9977985220386,9
"09/29/1983",362,328.428122854629,11.8525370906659,9
"09/30/1983",363,330.161359251825,11.5235892417593,9
"10/01/1983",364,345.497537318192,11.6302470130224,10
"10/02/1983",365,339.108955870536,11.6571775433856,10
"10/03/1983",366,328.275613934711,11.9882179392984,10
"10/04/1983",367,331.017858986976,11.998714803741,10
"10/05/1983",368,316.17703837096,12.107932867172,10
"10/06/1983",369,374.034027514922,12.3043460378285,10
"10/07/1983",370,373.71087224376,12.3963523864897,10
"10/08/1983",371,386.274360059817,12.0404513193222,10
"10/09/1983",372,398.14749829208,12.3114654083775,10
"10/10/1983",373,391.50081105216,12.1866967960653,10
"10/11/1983",374,390.625367238001,12.0147384569729,10
"10/12/1983",375,386.544503886507,11.6605504299819,10
"10/13/1983",376,394.904271206731,11.8422045818733,10
"10/14/1983",377,399.554893984288,11.5234264501474,10
"10/15/1983",378,419.950019599215,11.3294895268272,10
"10/16/1983",379,396.965044125605,11.5566388226006,10
"10/17/1983",380,386.725488176743,11.5538391841084,10
"10/18/1983",381,405.678877069357,11.5490539764473,10
"10/19/1983",382,422.456697545376,11.6782130939079,10
"10/20/1983",383,380.373122639011,11.5532536787576,10
"10/21/1983",384,393.412923544441,11.7202737724238,10
"10/22/1983",385,400.069649261153,11.8938395012944,10
"10/23/1983",386,401.412865664888,12.0607845494224,10
"10/24/1983",387,389.916751428949,11.697556714912,10
"10/25/1983",388,393.723381663198,11.6637995451338,10
"10/26/1983",389,394.662086632258,11.6957261958562,10
"10/27/1983",390,372.115713865181,11.7594131347145,10
"10/28/1983",391,342.723851852098,11.7983103975377,10
"10/29/1983",392,321.447490557799,11.9300399940561,10
"10/30/1983",393,337.78243378928,12.2994333768762,10
"10/31/1983",394,344.063275218537,12.4320561448003,10
"11/01/1983",395,337.174405481441,12.2655085647393,11
"11/02/1983",396,318.900931828022,12.1094473630965,11
"11/03/1983",397,335.635355553742,12.4086079922651,11
"11/04/1983",398,337.089182148012,12.3211942153315,11
"11/05/1983",399,368.882675593934,12.3911113008933,11
"11/06/1983",400,406.247891141906,12.3132370702978,11
"11/07/1983",401,363.912180550742,12.3860165859292,11
"11/08/1983",402,394.103475062479,12.4547093194869,11
"11/09/1983",403,368.763662021026,12.375684766635,11
"11/10/1983",404,349.790137457232,12.4814804419618,11
"11/11/1983",405,348.710344757102,12.477895178448,11
"11/12/1983",406,342.712368139072,12.6258776578555,11
"11/13/1983",407,334.659123536144,12.3010934346341,11
"11/14/1983",408,340.084522819983,12.1232558318243,11
"11/15/1983",409,366.137377661372,12.5189791938718,11
"11/16/1983",410,340.998551494864,12.3122123936001,11
"11/17/1983",411,312.222026206119,11.9398033384531,11
"11/18/1983",412,309.144492809091,11.8057055410568,11
"11/19/1983",413,321.603587731434,11.8678924931757,11
"11/20/1983",414,260.47007572694,11.8153267566196,11
"11/21/1983",415,270.245053369694,11.8581620768777,11
"11/22/1983",416,274.892312102929,11.9321107405841,11
"11/23/1983",417,265.590406104773,11.941427254011,11
"11/24/1983",418,301.426222677112,12.0910235649023,11
"11/25/1983",419,318.20145212109,12.2447778673742,11
"11/26/1983",420,311.005051260665,12.4116551554417,11
"11/27/1983",421,314.733031050025,12.5022897803935,11
"11/28/1983",422,331.712357890544,12.6725823786486,11
"11/29/1983",423,380.190250553675,12.6787815968144,11
"11/30/1983",424,405.881490982761,12.5945512673209,11
"12/01/1983",425,402.222447999894,12.4906525085081,12
"12/02/1983",426,388.819242298014,12.636967587721,12
"12/03/1983",427,387.795951194126,12.6662831798426,12
"12/04/1983",428,401.776268493778,12.6195571948679,12
"12/05/1983",429,412.484266726843,12.6981558718097,12
"12/06/1983",430,433.936600450766,12.9913945328824,12
"12/07/1983",431,412.443981105964,12.9406880055841,12
"12/08/1983",432,416.983873952305,12.4712832513106,12
"12/09/1983",433,425.635732264439,12.4218433474832,12
"12/10/1983",434,400.262612081381,12.278823280404,12
"12/11/1983",435,406.973425754839,12.6091380969002,12
"12/12/1983",436,394.043384651417,12.3652133019635,12
"12/13/1983",437,432.348380733488,12.6049674621997,12
"12/14/1983",438,413.588888413775,13.0123733219557,12
"12/15/1983",439,414.24414743457,13.1989396337632,12
"12/16/1983",440,424.918986270797,12.9992212058122,12
"12/17/1983",441,411.651763624125,12.8043094479682,12
"12/18/1983",442,383.921768952375,13.0419384932527,12
"12/19/1983",443,385.750589111688,13.0755803551184,12
"12/20/1983",444,387.19855368038,12.963957080988,12
"12/21/1983",445,407.880974763362,12.9362267782464,12
"12/22/1983",446,418.720823105639,12.6702322476389,12
"12/23/1983",447,389.390804584008,12.4565757786469,12
"12/24/1983",448,365.612401836429,12.4454929066072,12
"12/25/1983",449,366.772777046563,12.3602822093453,12
"12/26/1983",450,358.63155753984,12.4609691961715,12
"12/27/1983",451,368.229581191282,12.2999191600128,12
"12/28/1983",452,362.933025083294,12.1436032140658,12
"12/29/1983",453,380.213709782076,12.0508858070137,12
"12/30/1983",454,369.298647218086,11.9801081474951,12
"12/31/1983",455,428.885665385787,12.3229778016734,12
"01/01/1984",456,411.745552962944,12.5995003047278,1
"01/02/1984",457,415.590108454393,12.5213870634613,1
"01/03/1984",458,440.134479603865,12.5520198915993,1
"01/04/1984",459,464.244521878434,12.7763519421554,1
"01/05/1984",460,471.085747438491,12.4313199272468,1
"01/06/1984",461,497.273031997427,12.4242736439345,1
"01/07/1984",462,488.94512688574,12.2872408110003,1
"01/08/1984",463,476.136353539914,12.372617773845,1
"01/09/1984",464,450.199050118614,12.3613781394735,1
"01/10/1984",465,422.029434402708,12.0527911532556,1
"01/11/1984",466,450.279324152505,12.1352714084584,1
"01/12/1984",467,486.978692770413,12.3048512125076,1
"01/13/1984",468,493.812352542438,12.1986231672048,1
"01/14/1984",469,474.07695470033,11.7921059123692,1
"01/15/1984",470,496.093023577734,11.8866634758967,1
"01/16/1984",471,497.633848934829,11.7033389900661,1
"01/17/1984",472,487.086949701884,11.7245904088492,1
"01/18/1984",473,497.565266893494,11.8672743733852,1
"01/19/1984",474,481.333387686617,12.0748112126323,1
"01/20/1984",475,479.408554458844,11.9941437212665,1
"01/21/1984",476,458.764697399398,11.9838116427105,1
"01/22/1984",477,467.667272160624,12.0017761178007,1
"01/23/1984",478,437.007993762478,12.2910860133038,1
"01/24/1984",479,418.641209474516,12.1724767461037,1
"01/25/1984",480,423.71383713552,11.8663137337689,1
"01/26/1984",481,413.766245867766,12.0178938402278,1
"01/27/1984",482,449.84598864463,12.1832929220718,1
"01/28/1984",483,439.811184645216,12.0399153697236,1
"01/29/1984",484,432.57145891102,12.3793476502558,1
"01/30/1984",485,435.72900421467,11.9850836045396,1
"01/31/1984",486,397.664390303052,12.0489852692468,1
"02/01/1984",487,382.31532523094,11.8604409974986,2
"02/02/1984",488,383.281673564841,12.1190865618966,2
"02/03/1984",489,385.188466544241,12.2342112391968,2
"02/04/1984",490,378.441122341007,12.4613931518553,2
"02/05/1984",491,388.72886617451,12.5717107557931,2
"02/06/1984",492,356.389145746491,12.3943646964405,2
"02/07/1984",493,379.328590698851,12.6412754801749,2
"02/08/1984",494,390.055000908961,12.810225751016,2
"02/09/1984",495,380.009485699401,12.4542927090427,2
"02/10/1984",496,378.486713247616,12.1933018304433,2
"02/11/1984",497,405.794654296667,12.0996103087679,2
"02/12/1984",498,398.514823912359,12.2872065120477,2
"02/13/1984",499,444.6037693799,12.3011881895634,2
"02/14/1984",500,442.543633921008,12.7174203675176,2
"02/15/1984",501,438.960771109397,12.5185588396986,2
"02/16/1984",502,426.381350232002,12.451740852367,2
"02/17/1984",503,433.610954432072,12.297185958597,2
"02/18/1984",504,382.92628750419,12.0789910866583,2
"02/19/1984",505,376.62599115281,12.2307472947231,2
"02/20/1984",506,375.653152326193,12.0701349462054,2
"02/21/1984",507,368.561482256458,11.8775166683138,2
"02/22/1984",508,348.474739351241,11.7770340297068,2
"02/23/1984",509,374.38381163235,12.2133420125622,2
"02/24/1984",510,358.176252692114,12.3272755059055,2
"02/25/1984",511,370.26267898009,12.0986472571234,2
"02/26/1984",512,392.139650229632,12.345574383709,2
"02/27/1984",513,390.685507050272,12.1521352867949,2
"02/28/1984",514,412.941151689237,12.1968170978132,2
"02/29/1984",515,407.588103633383,12.0035001100993,2
"03/01/1984",516,455.796479565463,12.1220611349295,3
"03/02/1984",517,467.91773058963,12.0510107784116,3
"03/03/1984",518,470.863063625262,11.973879698083,3
"03/04/1984",519,475.046158155889,11.6231357244179,3
"03/05/1984",520,466.841775002154,11.7486099150164,3
"03/06/1984",521,471.243114136709,11.7088773240893,3
"03/07/1984",522,472.352426301066,11.6797922543456,3
"03/08/1984",523,455.772275706317,11.7162747950204,3
"03/09/1984",524,443.737750523898,11.7793879621478,3
"03/10/1984",525,442.015941034597,11.8687879843275,3
"03/11/1984",526,410.535307424183,11.9489340238307,3
"03/12/1984",527,418.366632518736,12.1533652714153,3
"03/13/1984",528,431.196244083636,12.627173225629,3
"03/14/1984",529,454.885410579225,12.5926810104892,3
"03/15/1984",530,452.986187819253,12.4934944507923,3
"03/16/1984",531,456.132521580042,12.6422755740679,3
"03/17/1984",532,438.050724741489,12.4043451925649,3
"03/18/1984",533,450.942810526103,12.4965188335492,3
"03/19/1984",534,467.907229196705,12.5984060175259,3
"03/20/1984",535,449.309701678561,12.4479617495435,3
"03/21/1984",536,453.520737156547,12.6938928234961,3
"03/22/1984",537,440.732824917224,12.5828190011343,3
"03/23/1984",538,458.232225045547,12.735092009746,3
"03/24/1984",539,444.182606173601,12.5256858188875,3
"03/25/1984",540,462.870533231264,12.5116885286552,3
"03/26/1984",541,479.215419485257,12.5014874828023,3
"03/27/1984",542,456.489033578623,12.3025137658207,3
"03/28/1984",543,451.05556295315,12.0828967986522,3
"03/29/1984",544,464.849905621694,12.1592257072454,3
"03/30/1984",545,415.367526918931,12.0853259998412,3
"03/31/1984",546,441.902925226609,12.0278627977334,3
"04/01/1984",547,444.970790859973,12.2862476029733,4
"04/02/1984",548,434.839148543388,12.47794129732,4
"04/03/1984",549,443.886738014361,12.8563062576724,4
"04/04/1984",550,454.317493278059,12.9482641124354,4
"04/05/1984",551,411.816151926906,12.7501547954413,4
"04/06/1984",552,378.044580617178,12.4561650754327,4
"04/07/1984",553,384.758559039108,12.4969891826858,4
"04/08/1984",554,379.053843981746,12.371278391104,4
"04/09/1984",555,369.826960136717,12.0493466280467,4
"04/10/1984",556,319.774355441989,11.8021830273841,4
"04/11/1984",557,319.945405525715,12.0215147824764,4
"04/12/1984",558,324.19740237254,12.0612937419857,4
"04/13/1984",559,313.067455882112,12.0618190763529,4
"04/14/1984",560,348.676586782334,12.1017359060103,4
"04/15/1984",561,355.450263623999,11.7773749982616,4
"04/16/1984",562,366.890978035194,11.560080866822,4
"04/17/1984",563,350.488146474163,11.6010747143008,4
"04/18/1984",564,339.676980049781,11.3042824437412,4
"04/19/1984",565,324.79486585726,11.384774731479,4
"04/20/1984",566,364.486744710506,11.6644529970233,4
"04/21/1984",567,391.311130604871,11.8425655030764,4
"04/22/1984",568,413.209773873241,11.511458296477,4
"04/23/1984",569,419.589455244204,11.4917140557941,4
"04/24/1984",570,417.226177977223,11.8625451421999,4
"04/25/1984",571,372.046055881901,11.7627096772918,4
"04/26/1984",572,344.706313515696,11.8620818321761,4
"04/27/1984",573,336.457664294967,11.9224169195495,4
"04/28/1984",574,308.350577815398,11.7038511832615,4
"04/29/1984",575,346.702488296103,11.939068666705,4
"04/30/1984",576,341.859603636002,12.135677845717,4
"05/01/1984",577,369.810057307669,12.0893598052419,5
"05/02/1984",578,396.44666952347,12.4419341894481,5
"05/03/1984",579,408.137628595105,12.1469663082427,5
"05/04/1984",580,427.025396883407,12.3171052748403,5
"05/05/1984",581,386.599114540118,12.2830710828463,5
"05/06/1984",582,339.619087978795,12.1051385434099,5
"05/07/1984",583,352.685736193871,11.6944821563284,5
"05/08/1984",584,361.641415571598,11.8717300660313,5
"05/09/1984",585,358.411991868683,11.7167768845147,5
"05/10/1984",586,351.436607847039,11.8326905624141,5
"05/11/1984",587,321.32270987242,11.6846921575546,5
"05/12/1984",588,346.950821988629,11.7770589164432,5
"05/13/1984",589,314.04358772039,11.7538715316836,5
"05/14/1984",590,333.08924823888,11.8632026433759,5
"05/15/1984",591,298.536377260412,11.8377795939689,5
"05/16/1984",592,322.246406648449,11.9502320671935,5
"05/17/1984",593,338.019479496259,11.9646718406427,5
"05/18/1984",594,338.530489638585,11.976418464026,5
"05/19/1984",595,373.314191726079,11.7754870821808,5
"05/20/1984",596,389.249099834933,11.9035061372414,5
"05/21/1984",597,379.393683192011,11.5019462996058,5
"05/22/1984",598,326.083116793803,11.54589171843,5
"05/23/1984",599,345.037177764817,11.4229362874567,5
"05/24/1984",600,363.726413082209,11.5378857403151,5
"05/25/1984",601,376.497063362062,11.2114444810419,5
"05/26/1984",602,375.803163915013,11.2970342240303,5
"05/27/1984",603,393.21446693974,11.3314333683905,5
"05/28/1984",604,418.20938736502,11.2577777755462,5
"05/29/1984",605,388.758011087321,11.4451915334738,5
"05/30/1984",606,363.418235168562,11.4605753186478,5
"05/31/1984",607,380.407191773057,11.33564594706,5
"06/01/1984",608,403.166119612845,11.2649189341243,6
"06/02/1984",609,395.09776696117,11.3026140167299,6
"06/03/1984",610,370.313281489368,11.0849002275551,6
"06/04/1984",611,430.886701083055,11.0550234020517,6
"06/05/1984",612,433.761399782742,11.4725089073789,6
"06/06/1984",613,393.015364691271,11.4843089731043,6
"06/07/1984",614,398.503043841497,11.3986266379547,6
"06/08/1984",615,419.19780633566,11.7991432324351,6
"06/09/1984",616,414.287688557742,11.7773922644926,6
"06/10/1984",617,423.461721905162,11.7999556189299,6
"06/11/1984",618,420.24450350007,12.1029337266742,6
"06/12/1984",619,384.325862963882,11.8921557306393,6
"06/13/1984",620,398.395685655737,11.9357347160283,6
"06/14/1984",621,421.064717752467,11.8787153413546,6
"06/15/1984",622,447.287425136232,11.6186108872929,6
"06/16/1984",623,433.327509966944,11.5669551223534,6
"06/17/1984",624,421.934144293937,11.3638599495555,6
"06/18/1984",625,403.447647589292,11.2795820996608,6
"06/19/1984",626,426.306531946355,11.3498314235486,6
"06/20/1984",627,418.695869000537,11.3761759528922,6
"06/21/1984",628,415.604242076824,11.5211920705314,6
"06/22/1984",629,393.359946015393,11.444286339052,6
"06/23/1984",630,413.527185836678,11.317322211316,6
"06/24/1984",631,411.988687769118,11.3674869667537,6
"06/25/1984",632,440.126200262202,11.6995437331123,6
"06/26/1984",633,417.459297922791,11.8725858410087,6
"06/27/1984",634,421.423617146462,11.556507857988,6
"06/28/1984",635,409.048320842927,11.811025358792,6
"06/29/1984",636,410.507027195814,11.9357440428294,6
"06/30/1984",637,416.742717847049,12.3684151617389,6
"07/01/1984",638,440.072330772708,12.174843658512,7
"07/02/1984",639,467.065461142252,12.1392198467223,7
"07/03/1984",640,431.724215828135,12.2675244805165,7
"07/04/1984",641,411.937681055324,12.1566874585998,7
"07/05/1984",642,438.276279693404,11.9218776027366,7
"07/06/1984",643,437.76110873856,11.6747570511021,7
"07/07/1984",644,410.622378685849,12.1846766824732,7
"07/08/1984",645,416.109438454953,12.3132884012735,7
"07/09/1984",646,420.770627942652,12.5242260693516,7
"07/10/1984",647,459.347617003925,12.6141696803351,7
"07/11/1984",648,467.878104814702,12.1914369863762,7
"07/12/1984",649,436.55694722232,12.4552056560645,7
"07/13/1984",650,473.888968355542,12.0320659977557,7
"07/14/1984",651,475.264869288319,12.1770082595663,7
"07/15/1984",652,447.961088352929,12.0689698035728,7
"07/16/1984",653,454.158720588292,12.2994648868324,7
"07/17/1984",654,414.706127380254,12.1693418692753,7
"07/18/1984",655,409.090738589277,12.0139172670675,7
"07/19/1984",656,424.717180455142,12.3678846790373,7
"07/20/1984",657,401.834924274186,12.4042575015443,7
"07/21/1984",658,354.284928008465,12.3261481118992,7
"07/22/1984",659,361.434079878998,12.6649513114025,7
"07/23/1984",660,360.916306097412,12.8330234258248,7
"07/24/1984",661,379.620264173127,12.7173983362002,7
"07/25/1984",662,423.818162526293,12.8634616730474,7
"07/26/1984",663,404.868751899471,12.7731667804691,7
"07/27/1984",664,412.553542502752,12.8126086853022,7
"07/28/1984",665,366.042163011381,13.015151942686,7
"07/29/1984",666,331.002707100316,12.6113712395931,7
"07/30/1984",667,356.688999754053,12.7135003419295,7
"07/31/1984",668,347.094825894042,12.579914239002,7
"08/01/1984",669,303.623138023426,12.3039799668844,8
"08/02/1984",670,306.702630929006,12.2095831926988,8
"08/03/1984",671,348.734671762057,12.3265298468856,8
"08/04/1984",672,372.231584909609,12.48671845046,8
"08/05/1984",673,376.488537987149,12.5035879597304,8
"08/06/1984",674,343.087370764328,12.1711389390035,8
"08/07/1984",675,348.943600754536,12.3042923118449,8
"08/08/1984",676,359.394450106615,12.6793526559953,8
"08/09/1984",677,410.339946598832,13.0463242387116,8
"08/10/1984",678,403.418441527368,13.1591536896519,8
"08/11/1984",679,399.71386211562,13.0869685144694,8
"08/12/1984",680,384.743794928709,12.902521416408,8
"08/13/1984",681,379.660346743877,12.6899393863528,8
"08/14/1984",682,372.079640865452,12.7815531049731,8
"08/15/1984",683,345.291607994577,12.7232798165589,8
"08/16/1984",684,361.320494096546,12.6055039561983,8
"08/17/1984",685,405.00887630447,12.4980788509295,8
"08/18/1984",686,441.562694634012,12.2056428099661,8
"08/19/1984",687,406.76313117484,12.129746516309,8
"08/20/1984",688,429.820669787073,12.0464362280789,8
"08/21/1984",689,420.923164939373,11.8211764452169,8
"08/22/1984",690,414.303060936781,11.5020457660318,8
"08/23/1984",691,439.373244861533,11.4744624241182,8
"08/24/1984",692,429.287436125137,11.6576328141694,8
"08/25/1984",693,458.344890668514,11.7437671557822,8
"08/26/1984",694,458.350472089735,11.8218685057794,8
"08/27/1984",695,448.822636271625,11.7690917973938,8
"08/28/1984",696,474.390266933494,12.0982054071162,8
"08/29/1984",697,443.454364597431,12.2083497286269,8
"08/30/1984",698,433.241812436739,12.1238684701671,8
"08/31/1984",699,404.850647118278,12.1946074494965,8
"09/01/1984",700,382.326096605532,12.1499658581241,9
"09/02/1984",701,354.292683110962,12.2002538277572,9
"09/03/1984",702,345.461701190048,12.2347923679682,9
"09/04/1984",703,345.724393075699,12.1368570471813,9
"09/05/1984",704,360.124737076702,12.187623389797,9
"09/06/1984",705,364.480652845574,12.1949618943843,9
"09/07/1984",706,373.603103579244,12.4104191198407,9
"09/08/1984",707,372.315629887224,12.685830546975,9
"09/09/1984",708,350.33058186083,12.9385151601472,9
"09/10/1984",709,382.812036908624,13.0440856159666,9
"09/11/1984",710,389.253437541717,13.0317746491406,9
"09/12/1984",711,423.9487465826,12.7326589710889,9
"09/13/1984",712,436.671357926787,13.0080283576047,9
"09/14/1984",713,386.509288829368,12.9243506517964,9
"09/15/1984",714,387.103089165509,12.6691457466614,9
"09/16/1984",715,397.698890767769,12.8482699805685,9
"09/17/1984",716,386.659158894811,12.6483294535414,9
"09/18/1984",717,405.15435999567,12.091389860404,9
"09/19/1984",718,425.929526621962,12.047274402123,9
"09/20/1984",719,445.899055259409,12.0815896609678,9
"09/21/1984",720,466.254925589016,12.1065017595437,9
"09/22/1984",721,483.912160181069,12.5243897139956,9
"09/23/1984",722,475.541725306043,12.5306047030641,9
"09/24/1984",723,461.512213462944,12.2658114835628,9
"09/25/1984",724,460.025674607732,11.9389082551951,9
"09/26/1984",725,443.621380216722,11.8895790366336,9
"09/27/1984",726,419.724270112978,11.7061756252864,9
"09/28/1984",727,455.501811334672,11.3604196963018,9
"09/29/1984",728,435.800878820977,11.2138057019098,9
"09/30/1984",729,425.240772900577,11.6445363923321,9
"10/01/1984",730,464.644747122639,11.6405412386175,10
"10/02/1984",731,452.663370912072,11.5029289046715,10
"10/03/1984",732,432.521254472838,11.72831128596,10
"10/04/1984",733,406.501844386559,12.2428347703819,10
"10/05/1984",734,409.416570309276,12.1470614088381,10
"10/06/1984",735,440.423273146745,12.2405918672042,10
"10/07/1984",736,412.34726433973,12.3343521885204,10
"10/08/1984",737,403.67456113389,12.3067754799851,10
"10/09/1984",738,408.923856596105,12.3148012252078,10
"10/10/1984",739,379.738784722303,12.4023439383427,10
"10/11/1984",740,371.232251845851,12.3703183857242,10
"10/12/1984",741,366.903775445157,12.291192883951,10
"10/13/1984",742,346.094020422262,12.2825538081386,10
"10/14/1984",743,373.33097666615,12.0719942694013,10
"10/15/1984",744,380.656413458821,12.0265653074415,10
"10/16/1984",745,372.517290158563,12.3805379306254,10
"10/17/1984",746,411.948170361726,12.0964498577343,10
"10/18/1984",747,415.190837860226,11.7897535749428,10
"10/19/1984",748,410.092944430461,11.8998481356303,10
"10/20/1984",749,389.005448937732,11.9152171511386,10
"10/21/1984",750,386.955803123075,11.8832727894308,10
"10/22/1984",751,389.597601993982,11.6101309402302,10
"10/23/1984",752,400.897740983796,11.5877192619603,10
"10/24/1984",753,421.914775714268,11.7349491815469,10
"10/25/1984",754,409.337287077339,11.724522459742,10
"10/26/1984",755,411.661313521591,11.5451944854935,10
"10/27/1984",756,422.206333275574,11.7341344529315,10
"10/28/1984",757,397.76911451818,11.8617825353335,10
"10/29/1984",758,410.130732668322,12.0109946306212,10
"10/30/1984",759,394.324288629944,12.112192249794,10
"10/31/1984",760,392.806750737136,11.8875343696673,10
"11/01/1984",761,365.289739087168,12.1606240683667,11
"11/02/1984",762,363.485600980465,12.1744182375545,11
"11/03/1984",763,381.434638956582,12.1732459065415,11
"11/04/1984",764,398.642281366399,12.3768322781106,11
"11/05/1984",765,427.494706533522,12.3457628039073,11
"11/06/1984",766,401.359189670972,12.0628369360278,11
"11/07/1984",767,385.739633409131,11.8468032427382,11
"11/08/1984",768,389.084053016085,12.0314014932851,11
"11/09/1984",769,366.690408300654,12.0627690530606,11
"11/10/1984",770,369.921299260627,11.9702709888947,11
"11/11/1984",771,379.011978077225,12.4982170732807,11
"11/12/1984",772,366.383992092815,12.5748144750815,11
"11/13/1984",773,369.009468289897,12.4712137268988,11
"11/14/1984",774,340.830401912935,12.6181852557183,11
"11/15/1984",775,338.956378465878,12.5851581950683,11
"11/16/1984",776,339.067135189442,12.4935783829327,11
"11/17/1984",777,352.804142081714,12.7094548023164,11
"11/18/1984",778,347.603875445879,12.643913221271,11
"11/19/1984",779,331.346145062788,12.5894980771136,11
"11/20/1984",780,329.699359747317,12.2848641996627,11
"11/21/1984",781,327.986489694234,12.150986486624,11
"11/22/1984",782,369.530807455114,12.1233778599751,11
"11/23/1984",783,392.040386357462,12.0766340824708,11
"11/24/1984",784,367.618503250362,12.1486951516285,11
"11/25/1984",785,340.065265125051,12.1739062248234,11
"11/26/1984",786,362.064846180214,12.315999247473,11
"11/27/1984",787,373.97356169206,12.3712562350145,11
"11/28/1984",788,373.051237121577,12.3681635624826,11
"11/29/1984",789,379.577091051493,12.6804082412907,11
"11/30/1984",790,401.911968732783,12.5942621530554,11
"12/01/1984",791,348.571789723359,12.1555341156431,12
"12/02/1984",792,354.091142408832,11.7817357000788,12
"12/03/1984",793,351.678231294177,11.8844692210036,12
"12/04/1984",794,363.214792045494,11.9368713024389,12
"12/05/1984",795,372.753364243656,11.8026436311775,12
"12/06/1984",796,355.844880280943,11.8172524209107,12
"12/07/1984",797,350.845582588554,11.4016051465122,12
"12/08/1984",798,384.22979827831,11.3383584429721,12
"12/09/1984",799,414.618674169614,11.3823655637606,12
"12/10/1984",800,421.378860025187,11.8036127801116,12
"12/11/1984",801,417.514268385655,11.5233150338853,12
"12/12/1984",802,431.010655120058,11.9156069638159,12
"12/13/1984",803,437.145810997935,11.8990664588899,12
"12/14/1984",804,457.110902956972,11.751126843359,12
"12/15/1984",805,426.386971476549,11.9709442078184,12
"12/16/1984",806,450.300094075165,12.3047668424945,12
"12/17/1984",807,440.400638806926,12.1942138871058,12
"12/18/1984",808,400.49408516788,12.0504940380164,12
"12/19/1984",809,390.597262975069,11.886912531718,12
"12/20/1984",810,409.73028920567,11.9428298176132,12
"12/21/1984",811,405.472789497426,11.7461842986802,12
"12/22/1984",812,381.222181853542,11.9140239297266,12
"12/23/1984",813,384.555045520152,11.6325894690407,12
"12/24/1984",814,394.571059297502,11.5977560252021,12
"12/25/1984",815,369.545869376351,11.460843371676,12
"12/26/1984",816,356.827602534477,11.4850713298383,12
"12/27/1984",817,367.644704264097,11.2573438176084,12
"12/28/1984",818,373.644699667315,11.2511630579869,12
"12/29/1984",819,379.514853125113,11.3704401001108,12
"12/30/1984",820,365.016290723393,11.4584304917278,12
"12/31/1984",821,352.663955079192,11.568113556643,12
"01/01/1985",822,352.407135006911,11.287716109245,1
"01/02/1985",823,354.511673391204,11.1079386106692,1
"01/03/1985",824,339.24729160594,11.3660463270965,1
"01/04/1985",825,346.581780084881,11.4744515920115,1
"01/05/1985",826,355.819368351822,11.3080912698214,1
"01/06/1985",827,364.638696289331,11.1807471995019,1
"01/07/1985",828,391.558222029272,11.589625174873,1
"01/08/1985",829,368.482522779976,11.679537510292,1
"01/09/1985",830,382.085771594592,11.9905655594606,1
"01/10/1985",831,429.741255225577,12.03959452843,1
"01/11/1985",832,445.044384341363,12.2439046414692,1
"01/12/1985",833,466.088654117127,12.0331932711005,1
"01/13/1985",834,464.632238111587,11.8121458753405,1
"01/14/1985",835,455.817100105781,11.9116245632522,1
"01/15/1985",836,500.916075280088,11.9040349609503,1
"01/16/1985",837,510.982425885761,11.7205949533365,1
"01/17/1985",838,499.467884545912,11.8713946416065,1
"01/18/1985",839,475.776646059233,11.5238434197905,1
"01/19/1985",840,491.148684714943,11.3326938641826,1
"01/20/1985",841,418.904476887726,11.455841355482,1
"01/21/1985",842,412.569639121553,11.0278883820999,1
"01/22/1985",843,418.332464327935,10.9814811244127,1
"01/23/1985",844,426.206469546875,10.8176805972264,1
"01/24/1985",845,430.551696338697,10.8210598716252,1
"01/25/1985",846,407.415198666357,10.996624635666,1
"01/26/1985",847,376.943606581644,10.805947193828,1
"01/27/1985",848,356.351770954307,11.2227054872206,1
"01/28/1985",849,325.517905907094,11.0368163666961,1
"01/29/1985",850,303.848091045882,10.9675649992696,1
"01/30/1985",851,327.014726546607,11.0881754162586,1
"01/31/1985",852,354.219893080275,10.8815981220917,1
"02/01/1985",853,362.615674006546,10.9787606331362,2
"02/02/1985",854,349.938860485864,11.5122630426254,2
"02/03/1985",855,376.024018542176,11.5148507512956,2
"02/04/1985",856,371.314445643732,11.6569312675614,2
"02/05/1985",857,343.032747327077,11.6588595788911,2
"02/06/1985",858,340.002450453037,11.9662032594431,2
"02/07/1985",859,362.664896097048,12.0320114102048,2
"02/08/1985",860,382.231910525266,11.7750725456259,2
"02/09/1985",861,387.058250226568,11.6803842686799,2
"02/10/1985",862,371.438470449436,11.3362601771628,2
"02/11/1985",863,377.200993480013,11.5899541456771,2
"02/12/1985",864,393.422009550105,11.7403595095096,2
"02/13/1985",865,413.504667869023,11.9223556735856,2
"02/14/1985",866,415.462413790755,11.6858835782297,2
"02/15/1985",867,425.396121751251,11.4667096973833,2
"02/16/1985",868,453.738749950927,11.2866630755134,2
"02/17/1985",869,454.222323824136,11.3749502710227,2
"02/18/1985",870,458.52390660098,11.4869312137389,2
"02/19/1985",871,483.372875738558,11.5653270565192,2
"02/20/1985",872,472.817242656365,11.6604663800467,2
"02/21/1985",873,495.250641225743,11.5113060889584,2
"02/22/1985",874,470.95415532751,11.7975584015671,2
"02/23/1985",875,476.223798149286,11.9253955715146,2
"02/24/1985",876,454.05640011736,11.9069060163893,2
"02/25/1985",877,439.243182839813,12.2921730768015,2
"02/26/1985",878,429.690792273904,12.1929138131816,2
"02/27/1985",879,432.144375788226,12.555438201558,2
"02/28/1985",880,388.716291921923,12.4462033191862,2
"03/01/1985",881,368.834611906495,12.3716282465152,3
"03/02/1985",882,373.311332427521,12.7856441671655,3
"03/03/1985",883,387.155877864124,12.7321169632625,3
"03/04/1985",884,356.111392650028,12.8073683390554,3
"03/05/1985",885,385.396313286052,12.5989393355457,3
"03/06/1985",886,389.180609969331,12.3970352329197,3
"03/07/1985",887,413.85156749329,12.4396227656405,3
"03/08/1985",888,386.615198877904,12.7802039078981,3
"03/09/1985",889,359.459687689211,12.8948339543846,3
"03/10/1985",890,366.225817865499,12.9294710372982,3
"03/11/1985",891,356.233911272616,12.8822499214689,3
"03/12/1985",892,379.764040029166,12.9097470229172,3
"03/13/1985",893,383.07042280412,12.6464830341881,3
"03/14/1985",894,370.027051523279,12.7801171321206,3
"03/15/1985",895,356.777709431723,12.6806553761681,3
"03/16/1985",896,351.253016042456,12.763749882633,3
"03/17/1985",897,315.787137457579,12.6088045237926,3
"03/18/1985",898,308.191513533343,12.1894883869796,3
"03/19/1985",899,327.061734174891,12.0998846236293,3
"03/20/1985",900,332.964328830828,12.2580370027006,3
"03/21/1985",901,331.832060625369,12.3212904554048,3
"03/22/1985",902,373.943806549466,11.982384840635,3
"03/23/1985",903,343.076456024994,12.1227865174684,3
"03/24/1985",904,344.509890765124,12.0286485157513,3
"03/25/1985",905,292.250779210657,11.9780522848498,3
"03/26/1985",906,269.803828270534,11.8863826909882,3
"03/27/1985",907,305.277123515908,12.3843157686772,3
"03/28/1985",908,341.338868927348,12.217075352521,3
"03/29/1985",909,341.402791725407,12.0349289574061,3
"03/30/1985",910,355.856615727228,11.9377832878668,3
"03/31/1985",911,389.981801124105,11.8974204398374,3
"04/01/1985",912,403.063915177058,11.9937297942316,4
"04/02/1985",913,385.431578000966,12.0338493534666,4
"04/03/1985",914,403.091764649763,12.0385586071813,4
"04/04/1985",915,391.958840626139,12.0894105797125,4
"04/05/1985",916,383.050380777129,12.1696402178435,4
"04/06/1985",917,417.862698957126,12.2545521075094,4
"04/07/1985",918,418.754365013543,12.3694999641487,4
"04/08/1985",919,411.118666045964,12.1157361065603,4
"04/09/1985",920,432.189284880192,12.2990987916831,4
"04/10/1985",921,388.381560568524,11.9905888671281,4
"04/11/1985",922,368.72292887827,12.1030687430125,4
"04/12/1985",923,407.929600613367,12.2418779538773,4
"04/13/1985",924,392.352563136605,12.0134576171287,4
"04/14/1985",925,348.085016063512,12.0779928812306,4
"04/15/1985",926,350.414538221521,12.2799712270331,4
"04/16/1985",927,348.512089330718,12.1022836714399,4
"04/17/1985",928,344.40686306526,12.1657304618616,4
"04/18/1985",929,387.546997269327,12.0771038711653,4
"04/19/1985",930,422.672426886995,12.1529237979644,4
"04/20/1985",931,415.836299038172,12.0889981189982,4
"04/21/1985",932,428.978887591715,12.0553600939004,4
"04/22/1985",933,442.547420719598,11.9397192637961,4
"04/23/1985",934,428.932380646695,12.0561303793444,4
"04/24/1985",935,464.745528641388,11.8466704599561,4
"04/25/1985",936,461.804748394265,11.9074739137251,4
"04/26/1985",937,435.927381158393,12.1184667546201,4
"04/27/1985",938,441.270586185948,12.3381402469462,4
"04/28/1985",939,433.953045011324,12.4259579646227,4
"04/29/1985",940,423.89535379499,12.5250217139409,4
"04/30/1985",941,422.012323912407,12.830668302516,4
"05/01/1985",942,396.856209466842,12.4322615266334,5
"05/02/1985",943,409.513530912409,12.6130634745847,5
"05/03/1985",944,452.349772876957,12.568600666179,5
"05/04/1985",945,438.703132587246,12.2563118653313,5
"05/05/1985",946,446.957986234838,12.0780131718842,5
"05/06/1985",947,431.611056676076,12.0438804239841,5
"05/07/1985",948,453.35121280042,12.0934013729179,5
"05/08/1985",949,480.459288816696,12.5280220550149,5
"05/09/1985",950,458.61006798456,12.1344656660771,5
"05/10/1985",951,479.572146834849,12.2566518053473,5
"05/11/1985",952,460.011030610161,12.3038254586852,5
"05/12/1985",953,461.188801278557,12.2122863366801,5
"05/13/1985",954,446.566290648646,11.8860907260012,5
"05/14/1985",955,444.632721484193,11.81335701337,5
"05/15/1985",956,462.514503384097,11.5034167462772,5
"05/16/1985",957,497.227602358945,11.6504291098025,5
"05/17/1985",958,508.405501234932,11.4728272242599,5
"05/18/1985",959,483.711368119167,11.5119316379634,5
"05/19/1985",960,479.300954715324,11.6874044195614,5
"05/20/1985",961,438.550261286551,11.9611853888988,5
"05/21/1985",962,442.061533900605,11.6151030124946,5
"05/22/1985",963,465.563705703214,11.7318219978256,5
"05/23/1985",964,496.748579107521,12.0332977748577,5
"05/24/1985",965,455.585868354712,12.1182096739031,5
"05/25/1985",966,442.511796108653,12.0281230606399,5
"05/26/1985",967,442.372134347556,12.0027511940193,5
"05/27/1985",968,440.439198129199,12.232061479932,5
"05/28/1985",969,447.084876895294,12.3354502491915,5
"05/29/1985",970,450.605304231601,12.4530846053341,5
"05/30/1985",971,470.050563469543,12.165896084569,5
"05/31/1985",972,459.100677038682,11.8673571649305,5
"06/01/1985",973,436.555526341072,11.9038534426152,6
"06/02/1985",974,458.900357261138,11.5344266993114,6
"06/03/1985",975,432.378849373572,11.6184397004158,6
"06/04/1985",976,457.962193980628,11.5786171476825,6
"06/05/1985",977,438.429304917487,11.3136133915645,6
"06/06/1985",978,460.636627735717,11.1547221780655,6
"06/07/1985",979,461.723958539888,11.2767372560865,6
"06/08/1985",980,440.355815186323,10.9983133739873,6
"06/09/1985",981,430.193682509077,11.1430009078028,6
"06/10/1985",982,413.242878520742,11.0598301016777,6
"06/11/1985",983,415.187116422481,11.1905059403081,6
"06/12/1985",984,349.621550710995,11.3681600345494,6
"06/13/1985",985,388.92231979903,11.6151661958833,6
"06/14/1985",986,378.517473526929,11.5508034497903,6
"06/15/1985",987,380.337833960789,11.3001800849911,6
"06/16/1985",988,370.482948529098,11.3911426592827,6
"06/17/1985",989,408.357032089037,11.4056511744455,6
"06/18/1985",990,383.63541339122,11.5151349886464,6
"06/19/1985",991,397.285451724886,11.6813439256524,6
"06/20/1985",992,382.956192974935,11.5960035810946,6
"06/21/1985",993,418.18887503211,11.5453512216482,6
"06/22/1985",994,443.554178620106,11.6389459190661,6
"06/23/1985",995,425.423231131866,11.8591566363503,6
"06/24/1985",996,413.975545398563,11.6007340829353,6
"06/25/1985",997,423.269181338119,11.368020325981,6
"06/26/1985",998,454.443889156669,11.514619015948,6
"06/27/1985",999,415.687772751885,12.0469631945031,6
"06/28/1985",1000,431.821328282134,11.8390243524441,6
"06/29/1985",1001,397.975701286328,11.9376666739398,6
"06/30/1985",1002,415.681112248806,11.9765423743461,6
"07/01/1985",1003,414.185045034765,12.2645272761434,7
"07/02/1985",1004,377.321027242594,11.9575224363843,7
"07/03/1985",1005,384.084582407547,11.8588524899512,7
"07/04/1985",1006,352.929477103518,11.8602040319342,7
"07/05/1985",1007,386.280318814634,12.119979446348,7
"07/06/1985",1008,418.206508566249,12.0835422713585,7
"07/07/1985",1009,436.093852040033,12.1069533668712,7
"07/08/1985",1010,393.067128241626,12.1131855194622,7
"07/09/1985",1011,406.493544976738,12.3964464431518,7
"07/10/1985",1012,446.86302630689,12.1387442714455,7
"07/11/1985",1013,508.93975954453,12.1098261568188,7
"07/12/1985",1014,478.672864201781,12.171983140665,7
"07/13/1985",1015,436.331564512352,12.1020228622897,7
"07/14/1985",1016,444.542076091721,11.9444528417145,7
"07/15/1985",1017,481.176312016399,11.9309654493853,7
"07/16/1985",1018,479.909665180867,11.9698551990068,7
"07/17/1985",1019,464.37016618066,12.040404759549,7
"07/18/1985",1020,457.002671715383,11.9914895442414,7
"07/19/1985",1021,461.919018198348,11.6560653790926,7
"07/20/1985",1022,485.389289820922,11.8607764259489,7
"07/21/1985",1023,452.447979649391,11.947369756017,7
"07/22/1985",1024,467.049071340729,12.0730963273115,7
"07/23/1985",1025,464.152744385717,12.2668499789797,7
"07/24/1985",1026,482.622083498748,12.1460502720326,7
"07/25/1985",1027,489.234689416959,12.1150117098655,7
"07/26/1985",1028,504.822738407569,12.285662422341,7
"07/27/1985",1029,491.676534346267,12.3534528073235,7
"07/28/1985",1030,441.493222102739,12.3516103045764,7
"07/29/1985",1031,460.411944840733,12.3716171891269,7
"07/30/1985",1032,442.854388380736,12.2955453789544,7
"07/31/1985",1033,448.218014238851,12.1152226416828,7
"08/01/1985",1034,453.476402528746,12.0387671466048,8
"08/02/1985",1035,460.82170402874,11.8901464231146,8
"08/03/1985",1036,412.828642928931,11.7295312894993,8
"08/04/1985",1037,407.470480249352,11.5033225157882,8
"08/05/1985",1038,360.511686305677,11.5646022785133,8
"08/06/1985",1039,348.846084884598,11.595808668106,8
"08/07/1985",1040,341.963178539244,11.4724291405668,8
"08/08/1985",1041,369.041488505599,11.5604513647271,8
"08/09/1985",1042,357.462041747292,11.8480621249658,8
"08/10/1985",1043,320.096341641759,11.8906597068179,8
"08/11/1985",1044,323.893068376452,11.7776755600473,8
"08/12/1985",1045,339.550947505673,11.648377271077,8
"08/13/1985",1046,349.645908296964,11.3367018160334,8
"08/14/1985",1047,333.063515808287,11.3108577172726,8
"08/15/1985",1048,345.957097911333,11.4909190939875,8
"08/16/1985",1049,347.539291225567,11.3200345193107,8
"08/17/1985",1050,335.805624305332,11.6812673592766,8
"08/18/1985",1051,344.272195417473,11.482718983682,8
"08/19/1985",1052,341.50402743646,11.6158892133454,8
"08/20/1985",1053,331.08697416864,11.4543706728374,8
"08/21/1985",1054,333.271082599654,11.2982121181552,8
"08/22/1985",1055,362.809893830911,11.3799346701757,8
"08/23/1985",1056,368.075307677301,11.310975936818,8
"08/24/1985",1057,378.61452511728,11.5124177430714,8
"08/25/1985",1058,357.704177014975,11.5890200931838,8
"08/26/1985",1059,333.898842066996,11.594869329855,8
"08/27/1985",1060,337.759568539514,11.732895703508,8
"08/28/1985",1061,358.745695562848,11.840299140501,8
"08/29/1985",1062,373.177151790055,11.9508495990562,8
"08/30/1985",1063,361.988839872214,12.147367667501,8
"08/31/1985",1064,353.581723623776,12.1628992840738,8
"09/01/1985",1065,363.259816026928,12.1845935880004,9
"09/02/1985",1066,351.532134764623,12.3660808086524,9
"09/03/1985",1067,359.302103236851,12.2900212211837,9
"09/04/1985",1068,352.517430935901,12.4670286826792,9
"09/05/1985",1069,379.235573014136,12.4090904602141,9
"09/06/1985",1070,363.805741199347,12.497283805497,9
"09/07/1985",1071,347.341865011284,12.4259262305675,9
"09/08/1985",1072,317.91685980997,12.3742616449911,9
"09/09/1985",1073,325.674012484997,12.4210647740137,9
"09/10/1985",1074,343.001121912252,12.5502246463949,9
"09/11/1985",1075,340.802367288657,12.5139996804476,9
"09/12/1985",1076,343.551592447696,12.4128859612294,9
"09/13/1985",1077,357.51889969304,12.4523544504246,9
"09/14/1985",1078,387.49761024503,12.2100048536922,9
"09/15/1985",1079,418.191074032234,12.1403872909324,9
"09/16/1985",1080,425.207122860926,12.0565813960798,9
"09/17/1985",1081,382.802969542579,11.9806050841741,9
"09/18/1985",1082,354.114189081256,11.7133780646058,9
"09/19/1985",1083,352.447708584542,11.8873947289549,9
"09/20/1985",1084,359.233267146675,11.6275933436596,9
"09/21/1985",1085,333.037979456863,11.3271885837798,9
"09/22/1985",1086,343.967492742505,11.2198853366635,9
"09/23/1985",1087,387.346353651176,11.5303285881926,9
"09/24/1985",1088,420.450690956757,11.7717870665023,9
"09/25/1985",1089,427.100486499349,12.0945255985642,9
"09/26/1985",1090,407.009570735075,12.1644268428638,9
"09/27/1985",1091,381.140225317189,11.9879385049889,9
"09/28/1985",1092,391.159536489047,12.0968545230606,9
"09/29/1985",1093,386.317315764889,11.8718620194261,9
"09/30/1985",1094,343.717275186702,11.9478617953898,9
"10/01/1985",1095,326.887370111829,12.0968529968922,10
"10/02/1985",1096,334.650174673641,11.6458701468884,10
"10/03/1985",1097,356.676149710333,11.9480264265825,10
"10/04/1985",1098,342.326319152773,11.9607070569011,10
"10/05/1985",1099,321.312169159392,11.9805677149139,10
"10/06/1985",1100,327.113060756667,12.0556583223834,10
"10/07/1985",1101,350.640687682612,12.1013283769875,10
"10/08/1985",1102,351.317238708652,11.7663549221039,10
"10/09/1985",1103,350.382960026306,11.7132109697768,10
"10/10/1985",1104,343.211685908744,11.8467873346513,10
"10/11/1985",1105,357.636959893417,11.9423069092719,10
"10/12/1985",1106,353.373228749551,12.094147545837,10
"10/13/1985",1107,381.905204208535,12.3391549667817,10
"10/14/1985",1108,428.103667778638,12.4256021007014,10
"10/15/1985",1109,436.471331008955,12.5161040944075,10
"10/16/1985",1110,443.694364507186,12.5814545718322,10
"10/17/1985",1111,459.998992445974,12.5849940455475,10
"10/18/1985",1112,445.843316052686,12.2026887923141,10
"10/19/1985",1113,436.883444274441,12.1705532384766,10
"10/20/1985",1114,406.215204614197,12.6554850652181,10
"10/21/1985",1115,389.309559029597,12.8748653803729,10
"10/22/1985",1116,383.081059317853,12.8339202390105,10
"10/23/1985",1117,394.659363150061,12.4089968067728,10
"10/24/1985",1118,368.45089429355,12.4993285221873,10
"10/25/1985",1119,378.397698601147,12.4217513951848,10
"10/26/1985",1120,364.351217449037,12.3523339155288,10
"10/27/1985",1121,356.069087110191,12.3478636137186,10
"10/28/1985",1122,320.566492172518,11.9920201090775,10
"10/29/1985",1123,323.703860223984,12.125338769518,10
"10/30/1985",1124,296.700495624963,12.2236408448734,10
"10/31/1985",1125,299.581016063441,12.1240890131926,10
"11/01/1985",1126,315.39175632865,11.7694686790323,11
"11/02/1985",1127,364.546007867861,11.553321848086,11
"11/03/1985",1128,344.782543182333,11.7631965262759,11
"11/04/1985",1129,346.927627061372,12.0746547410038,11
"11/05/1985",1130,375.963767911775,12.0839663865648,11
"11/06/1985",1131,404.799170300734,12.2096621169612,11
"11/07/1985",1132,420.252621913756,12.4292679534454,11
"11/08/1985",1133,389.14105833792,12.4610370737563,11
"11/09/1985",1134,368.56643344025,12.4143150125919,11
"11/10/1985",1135,343.160453721779,12.3813994147386,11
"11/11/1985",1136,333.463014564491,12.0219969379394,11
"11/12/1985",1137,335.521524911821,12.1459276637333,11
"11/13/1985",1138,327.882714014154,12.2170815224408,11
"11/14/1985",1139,343.298238333426,12.2534751296716,11
"11/15/1985",1140,350.426300724695,11.7442887009878,11
"11/16/1985",1141,356.912832757971,11.5722667189381,11
"11/17/1985",1142,352.731996071096,11.3393935791393,11
"11/18/1985",1143,361.490462902396,11.4835117647917,11
"11/19/1985",1144,377.004673106175,11.1989924899325,11
"11/20/1985",1145,378.803329990321,11.3932379265507,11
"11/21/1985",1146,399.967041210771,11.590799506971,11
"11/22/1985",1147,400.354417855107,11.2730021582246,11
"11/23/1985",1148,412.102662589992,11.2935820891987,11
"11/24/1985",1149,449.436621796375,11.7485250552595,11
"11/25/1985",1150,465.575001182955,11.6925020450553,11
"11/26/1985",1151,484.873067344894,11.2258719410774,11
"11/27/1985",1152,504.711222557107,11.3887972608311,11
"11/28/1985",1153,499.107857786951,11.5423107907152,11
"11/29/1985",1154,510.08688679831,11.392127450626,11
"11/30/1985",1155,495.307565972128,11.0647193955229,11
"12/01/1985",1156,491.286706602418,11.2207780678754,12
"12/02/1985",1157,467.156940397378,11.4988244135335,12
"12/03/1985",1158,488.058959568806,11.6148461287547,12
"12/04/1985",1159,479.692115479402,11.799775246694,12
"12/05/1985",1160,477.601492053545,11.6254554722471,12
"12/06/1985",1161,454.867749360622,11.3987911260072,12
"12/07/1985",1162,453.604574761645,11.7804900616037,12
"12/08/1985",1163,386.377267758474,12.1264511361018,12
"12/09/1985",1164,379.726564326324,11.7565836196252,12
"12/10/1985",1165,391.560431683674,11.8963962218569,12
"12/11/1985",1166,394.747351202988,11.4528771094879,12
"12/12/1985",1167,408.391376521819,11.3032147102834,12
"12/13/1985",1168,384.630872699149,11.0395441788675,12
"12/14/1985",1169,374.257250978269,11.0815428528945,12
"12/15/1985",1170,371.368473286635,11.1742369465741,12
"12/16/1985",1171,399.844640946487,11.1418365706484,12
"12/17/1985",1172,408.341716851643,11.3028513569182,12
"12/18/1985",1173,387.502277824048,11.1238260694859,12
"12/19/1985",1174,385.027080368444,10.8803955032429,12
"12/20/1985",1175,368.022375721104,10.6959454274569,12
"12/21/1985",1176,360.808719701073,11.1473164421892,12
"12/22/1985",1177,303.044024164627,11.2509605379054,12
"12/23/1985",1178,333.140042921852,11.1473203640823,12
"12/24/1985",1179,354.006148366784,11.2906395427565,12
"12/25/1985",1180,360.851853034397,11.054739124971,12
"12/26/1985",1181,392.334733226161,11.1610744138898,12
"12/27/1985",1182,401.636689126567,11.3585087289081,12
"12/28/1985",1183,388.374749471232,11.2651351601533,12
"12/29/1985",1184,376.281922143287,11.4596763682849,12
"12/30/1985",1185,388.056908301719,11.6707278930779,12
"12/31/1985",1186,396.099243162153,11.5550684648951,12
"01/01/1986",1187,419.289081638971,11.3080135666254,1
"01/02/1986",1188,431.079981247343,11.3335349007996,1
"01/03/1986",1189,431.987280281647,11.4191563283071,1
"01/04/1986",1190,427.099850611842,11.5407668563925,1
"01/05/1986",1191,425.563083049501,11.7916421663045,1
"01/06/1986",1192,407.459566349542,11.8328541683788,1
"01/07/1986",1193,399.262394738108,11.5182448607939,1
"01/08/1986",1194,393.77805611255,11.4901003042787,1
"01/09/1986",1195,400.883462253764,11.3528996875541,1
"01/10/1986",1196,399.138568175712,11.6580747947973,1
"01/11/1986",1197,378.827664446287,11.4065365804541,1
"01/12/1986",1198,393.65082671317,11.0069958788599,1
"01/13/1986",1199,395.873407465069,11.043190448552,1
"01/14/1986",1200,365.488773892621,11.2194528895566,1
"01/15/1986",1201,365.587902126106,11.3778941242274,1
"01/16/1986",1202,383.496620983189,11.4001521835477,1
"01/17/1986",1203,375.435316412423,11.5651034971052,1
"01/18/1986",1204,372.911204904544,11.3780516792626,1
"01/19/1986",1205,393.651217315036,11.1229871070077,1
"01/20/1986",1206,418.821819085284,11.2955604873538,1
"01/21/1986",1207,385.619866417829,11.2422157005566,1
"01/22/1986",1208,431.915209409032,11.3613885163587,1
"01/23/1986",1209,451.924229996415,11.2117863271494,1
"01/24/1986",1210,472.857562687119,11.5241261676085,1
"01/25/1986",1211,491.885658409041,11.7553692623885,1
"01/26/1986",1212,503.723165469904,12.0364849571699,1
"01/27/1986",1213,484.908411882241,11.7971681017362,1
"01/28/1986",1214,490.565134479674,12.0307059004726,1
"01/29/1986",1215,470.359885140796,11.725447827823,1
"01/30/1986",1216,479.40295264933,11.7602205853066,1
"01/31/1986",1217,496.732212348629,11.951031145934,1
"02/01/1986",1218,478.608313796534,11.973369466161,2
"02/02/1986",1219,468.412300307122,12.2493646536118,2
"02/03/1986",1220,504.323468438242,12.3812408053423,2
"02/04/1986",1221,479.861074046829,12.2808478604789,2
"02/05/1986",1222,465.254906240571,12.5011899178121,2
"02/06/1986",1223,410.923822504374,12.5383947252501,2
"02/07/1986",1224,408.826239974929,12.4599167810817,2
"02/08/1986",1225,422.530083333478,12.2453760254245,2
"02/09/1986",1226,488.210967521259,12.3135262822312,2
"02/10/1986",1227,499.296141762238,11.9507625339262,2
"02/11/1986",1228,500.871080147826,11.7558458217077,2
"02/12/1986",1229,492.552147422621,11.5310241550203,2
"02/13/1986",1230,502.520516215746,11.2519422352954,2
"02/14/1986",1231,517.498110272313,11.2157768550654,2
"02/15/1986",1232,495.886782635213,11.1444615476314,2
"02/16/1986",1233,525.677100013059,11.0207154898709,2
"02/17/1986",1234,522.383450626254,10.8953331788351,2
"02/18/1986",1235,501.014402325491,10.8344469289027,2
"02/19/1986",1236,484.738846583861,11.1838514596295,2
"02/20/1986",1237,481.045152563775,11.0219071233589,2
"02/21/1986",1238,476.82202667445,11.1895848033672,2
"02/22/1986",1239,470.933831659179,11.3855063815268,2
"02/23/1986",1240,485.169568031868,11.6050852147395,2
"02/24/1986",1241,490.94837507022,11.7913273989851,2
"02/25/1986",1242,484.553044240328,11.4897774937034,2
"02/26/1986",1243,465.666438752074,11.8653195561815,2
"02/27/1986",1244,464.40882042981,11.9462920314099,2
"02/28/1986",1245,442.481289412942,12.1815640820808,2
"03/01/1986",1246,446.506211415872,12.3047825202854,3
"03/02/1986",1247,443.698062530452,12.4956580875684,3
"03/03/1986",1248,418.497207149932,12.4934951249659,3
"03/04/1986",1249,435.048757077742,12.478412793815,3
"03/05/1986",1250,433.532690881089,12.5798865323233,3
"03/06/1986",1251,461.082652610751,12.2657636152219,3
"03/07/1986",1252,433.262565614124,12.0509830828262,3
"03/08/1986",1253,429.641684189849,11.9442805351263,3
"03/09/1986",1254,431.467310824047,11.8712160903119,3
"03/10/1986",1255,430.314924281553,11.7336375195672,3
"03/11/1986",1256,422.176662276244,11.5056078444613,3
"03/12/1986",1257,436.94199647584,11.0686195191305,3
"03/13/1986",1258,401.645537646098,11.1177411926668,3
"03/14/1986",1259,430.042956577282,10.7023828034978,3
"03/15/1986",1260,409.379252213924,10.9031099607925,3
"03/16/1986",1261,407.738130313937,10.8013944082971,3
"03/17/1986",1262,369.272425372018,10.9928334735334,3
"03/18/1986",1263,360.432577826943,11.1258217106832,3
"03/19/1986",1264,384.93645869092,11.1327058092089,3
"03/20/1986",1265,355.983392471126,10.9601040299102,3
"03/21/1986",1266,367.017671977718,11.4134962785661,3
"03/22/1986",1267,374.931997108085,11.3549903441964,3
"03/23/1986",1268,315.274457997671,11.1536404531503,3
"03/24/1986",1269,320.789997932088,11.2525932339242,3
"03/25/1986",1270,323.152788198635,11.8971452442894,3
"03/26/1986",1271,353.854225600204,12.0040661804818,3
"03/27/1986",1272,361.00756853377,12.0039763258764,3
"03/28/1986",1273,341.134063710396,12.1702647051833,3
"03/29/1986",1274,317.29783919711,12.2331638594283,3
"03/30/1986",1275,324.508723160142,12.5033631768282,3
"03/31/1986",1276,305.277340719132,12.4293078030169,3
"04/01/1986",1277,312.578149007127,12.5941362339994,4
"04/02/1986",1278,287.260502636683,12.59202177695,4
"04/03/1986",1279,274.958847636703,12.7045231350813,4
"04/04/1986",1280,319.72475055663,12.9976239585015,4
"04/05/1986",1281,325.487295147804,13.012223921157,4
"04/06/1986",1282,340.448449771978,12.7939257773318,4
"04/07/1986",1283,364.953524088688,12.3861134796792,4
"04/08/1986",1284,374.733613117167,12.4515065751613,4
"04/09/1986",1285,399.458139190545,12.4602413734238,4
"04/10/1986",1286,362.000568666745,12.1432708314079,4
"04/11/1986",1287,361.133816557999,11.931739826971,4
"04/12/1986",1288,356.876632602228,11.9346671546047,4
"04/13/1986",1289,393.67901202879,12.1812979791013,4
"04/14/1986",1290,390.638145834898,12.0784476473528,4
"04/15/1986",1291,379.586951500192,12.4749456700307,4
"04/16/1986",1292,372.457425049314,12.261341759795,4
"04/17/1986",1293,354.778278774368,11.895368667736,4
"04/18/1986",1294,346.798052149657,11.7489901136348,4
"04/19/1986",1295,351.85067024597,11.7520838135846,4
"04/20/1986",1296,336.484360464155,11.631495004908,4
"04/21/1986",1297,359.44677012772,11.56802148216,4
"04/22/1986",1298,353.607958159215,11.5436556763288,4
"04/23/1986",1299,390.755727106497,11.4125826426485,4
"04/24/1986",1300,380.910031831847,11.4958095008097,4
"04/25/1986",1301,380.433172079503,11.1827277357137,4
"04/26/1986",1302,327.179590001697,11.0784912888308,4
"04/27/1986",1303,318.634137823598,11.226972346421,4
"04/28/1986",1304,323.58524776432,11.3336123469195,4
"04/29/1986",1305,327.693960647371,11.4892781772562,4
"04/30/1986",1306,344.202384716517,11.6856540201588,4
"05/01/1986",1307,329.792579240928,11.8788250538437,5
"05/02/1986",1308,287.950194885999,11.5589275586035,5
"05/03/1986",1309,289.946939768874,11.2258005245264,5
"05/04/1986",1310,291.794723836914,11.0113920921793,5
"05/05/1986",1311,298.284616706137,11.3214506162704,5
"05/06/1986",1312,329.968201295478,11.7772625152632,5
"05/07/1986",1313,356.690978449085,12.0313667055426,5
"05/08/1986",1314,366.916965401844,12.2240346170432,5
"05/09/1986",1315,392.853216605482,12.3165290009822,5
"05/10/1986",1316,343.905965281333,12.6964323511692,5
"05/11/1986",1317,346.543793601858,12.7473930314616,5
"05/12/1986",1318,340.110998914232,12.3196633193587,5
"05/13/1986",1319,349.454594212466,12.497572923691,5
"05/14/1986",1320,363.787584812525,12.4446346960024,5
"05/15/1986",1321,296.107635663338,12.5959573725065,5
"05/16/1986",1322,317.108251641047,12.5068386585526,5
"05/17/1986",1323,298.918666810448,12.4521145311447,5
"05/18/1986",1324,310.078042058923,12.5986065932292,5
"05/19/1986",1325,321.251743244067,12.6346762090877,5
"05/20/1986",1326,335.715462605669,12.8176547722549,5
"05/21/1986",1327,376.116959030248,12.7798002089161,5
"05/22/1986",1328,370.350265516149,12.835324829239,5
"05/23/1986",1329,384.178954405356,12.8130526072931,5
"05/24/1986",1330,416.758054551695,12.560707424138,5
"05/25/1986",1331,421.983919358185,12.8305273194315,5
"05/26/1986",1332,418.502371001812,12.5232162532738,5
"05/27/1986",1333,394.523981697924,12.2488000262781,5
"05/28/1986",1334,403.751660779244,12.3309509083003,5
"05/29/1986",1335,385.480525525721,12.2221824370029,5
"05/30/1986",1336,388.277652456979,12.1638407681304,5
"05/31/1986",1337,402.678040351729,12.3871429057391,5
"06/01/1986",1338,425.947660243683,12.4059250346133,6
"06/02/1986",1339,411.866766825508,12.5506531360135,6
"06/03/1986",1340,403.308701080987,12.5422921923332,6
"06/04/1986",1341,400.887541549851,12.4294360094522,6
"06/05/1986",1342,393.538361293457,12.7288334911428,6
"06/06/1986",1343,413.354201093316,12.5778541917409,6
"06/07/1986",1344,399.166193955109,12.530734178672,6
"06/08/1986",1345,377.634433740667,12.2744934172565,6
"06/09/1986",1346,369.116178651158,12.3190086263707,6
"06/10/1986",1347,378.382772185107,12.1421909429986,6
"06/11/1986",1348,378.284699494755,12.1120780537181,6
"06/12/1986",1349,412.639641469103,12.1805618518231,6
"06/13/1986",1350,401.858078342326,11.9724587028053,6
"06/14/1986",1351,432.773081478394,12.0112453791246,6
"06/15/1986",1352,474.38401065114,12.4142450408473,6
"06/16/1986",1353,486.669454152846,11.8509865274076,6
"06/17/1986",1354,472.401112576886,11.4071030533508,6
"06/18/1986",1355,472.650316149154,11.2459436308153,6
"06/19/1986",1356,477.938606331168,11.3983966654726,6
"06/20/1986",1357,441.690014725296,11.5742420491473,6
"06/21/1986",1358,431.065594693552,11.6398107883937,6
"06/22/1986",1359,412.771492830695,11.4938063726765,6
"06/23/1986",1360,396.01817286155,11.4526959624354,6
"06/24/1986",1361,424.367410043541,11.4949659425664,6
"06/25/1986",1362,427.601614782921,11.3899773397295,6
"06/26/1986",1363,405.9557392889,11.5332446239572,6
"06/27/1986",1364,460.114073825159,11.6441737386225,6
"06/28/1986",1365,447.698438832248,11.6975348035425,6
"06/29/1986",1366,438.55646508311,11.9885300921588,6
"06/30/1986",1367,431.991900219323,12.1757359334441,6
"07/01/1986",1368,428.123106627734,12.3223258228279,7
"07/02/1986",1369,427.38020602983,12.4347640158999,7
"07/03/1986",1370,409.97328875796,12.3688856436441,7
"07/04/1986",1371,384.805327983716,12.4601916003637,7
"07/05/1986",1372,401.378171821564,12.895555282595,7
"07/06/1986",1373,419.546895913068,12.8685477286525,7
"07/07/1986",1374,400.792582925728,12.4005769986362,7
"07/08/1986",1375,415.803344749449,12.4206708584014,7
"07/09/1986",1376,448.679777713939,12.5252403580019,7
"07/10/1986",1377,413.736441601114,12.2553639756478,7
"07/11/1986",1378,428.784742311113,12.0098371730721,7
"07/12/1986",1379,406.195615769904,11.8819029245637,7
"07/13/1986",1380,398.896422775125,11.8374142884081,7
"07/14/1986",1381,397.615366567327,11.8369148360294,7
"07/15/1986",1382,427.198305733671,12.0457008783835,7
"07/16/1986",1383,417.919055170724,12.0907512840501,7
"07/17/1986",1384,439.265840444009,12.0250976980562,7
"07/18/1986",1385,430.80649250248,12.033867976447,7
"07/19/1986",1386,409.365577848049,12.3288769960169,7
"07/20/1986",1387,399.959431460429,12.3022943249871,7
"07/21/1986",1388,389.776889271435,12.176582313734,7
"07/22/1986",1389,413.093819085009,12.4167462364266,7
"07/23/1986",1390,401.906226050442,12.1655333463948,7
"07/24/1986",1391,375.668864824423,12.3104798613172,7
"07/25/1986",1392,391.838730909336,12.9068806209024,7
"07/26/1986",1393,392.604325029828,12.5728108043448,7
"07/27/1986",1394,417.993881420531,12.3811896435646,7
"07/28/1986",1395,443.805043129267,12.040724501588,7
"07/29/1986",1396,416.668770098317,12.111647964576,7
"07/30/1986",1397,424.62346553682,11.9329980103623,7
"07/31/1986",1398,428.440654774171,11.9485829745393,7
"08/01/1986",1399,434.461646898858,11.8248495149774,8
"08/02/1986",1400,444.528915220012,11.941697199245,8
"08/03/1986",1401,437.13423682294,12.1078718996269,8
"08/04/1986",1402,458.896911443619,12.0182764968258,8
"08/05/1986",1403,446.28554194883,12.0928553081382,8
"08/06/1986",1404,415.40493029344,11.637161631055,8
"08/07/1986",1405,387.926786368055,11.5789362008135,8
"08/08/1986",1406,367.973944975345,11.874875975642,8
"08/09/1986",1407,339.500565016621,11.8655091250849,8
"08/10/1986",1408,349.801568855252,11.6275850925929,8
"08/11/1986",1409,388.504040120069,11.702803789128,8
"08/12/1986",1410,412.496622885785,11.4446443422424,8
"08/13/1986",1411,415.923586609728,11.4350785446217,8
"08/14/1986",1412,379.782087856795,11.3541827185432,8
"08/15/1986",1413,383.034606452823,11.3157401842816,8
"08/16/1986",1414,391.021160674416,10.9654511053622,8
"08/17/1986",1415,377.010736496604,10.9370968486754,8
"08/18/1986",1416,412.801537788556,10.9492767072209,8
"08/19/1986",1417,391.338702762007,10.7832964277882,8
"08/20/1986",1418,411.24471657398,10.9599962218216,8
"08/21/1986",1419,366.459237592863,11.1097052895397,8
"08/22/1986",1420,371.627139286267,11.0785780167432,8
"08/23/1986",1421,375.762729394629,10.8203515947683,8
"08/24/1986",1422,405.711204306712,10.8822975135794,8
"08/25/1986",1423,424.537760666638,10.7636916578964,8
"08/26/1986",1424,401.552408923114,11.1988496309406,8
"08/27/1986",1425,408.232309296889,11.5142308239245,8
"08/28/1986",1426,382.659130547071,11.6515571754828,8
"08/29/1986",1427,374.405276640725,12.3915395962604,8
"08/30/1986",1428,362.143584700533,12.3337465536727,8
"08/31/1986",1429,376.052584970122,12.3188453546439,8
"09/01/1986",1430,388.178405602315,12.218611424251,9
"09/02/1986",1431,380.530226989481,11.9196758315218,9
"09/03/1986",1432,396.329052192468,12.2025738060173,9
"09/04/1986",1433,375.699019885238,12.1736720739719,9
"09/05/1986",1434,328.549321799401,11.8769676837565,9
"09/06/1986",1435,326.482171042047,11.9221707569942,9
"09/07/1986",1436,351.49637196441,11.7786999844265,9
"09/08/1986",1437,352.819770186709,11.5657881730303,9
"09/09/1986",1438,346.206631645073,11.5329062543023,9
"09/10/1986",1439,349.030435596303,11.302650552019,9
"09/11/1986",1440,378.69950411701,11.0505922769914,9
"09/12/1986",1441,406.013019717209,11.0551811472712,9
"09/13/1986",1442,401.897945994704,11.311340890472,9
"09/14/1986",1443,442.722614736226,11.1349840444253,9
"09/15/1986",1444,420.620981671023,11.4240303372857,9
"09/16/1986",1445,426.452628515378,11.2187885152369,9
"09/17/1986",1446,399.565387431454,11.1226963347471,9
"09/18/1986",1447,401.213118788273,11.301491891886,9
"09/19/1986",1448,410.696690652621,10.9732278770922,9
"09/20/1986",1449,415.417764959388,10.8653376207789,9
"09/21/1986",1450,422.529512392157,10.7163851494902,9
"09/22/1986",1451,429.696093139046,11.0117325234761,9
"09/23/1986",1452,441.296005071024,10.8327759639904,9
"09/24/1986",1453,448.469065176446,11.3938848250876,9
"09/25/1986",1454,464.096670248288,11.4095212291262,9
"09/26/1986",1455,470.719335582984,11.3304044426107,9
"09/27/1986",1456,472.762137328843,11.1238828511526,9
"09/28/1986",1457,435.374150412854,11.3005166422254,9
"09/29/1986",1458,439.118303521991,11.8147822905653,9
"09/30/1986",1459,451.757747582482,11.7294455505848,9
"10/01/1986",1460,437.689974534454,11.8110506953441,10
"10/02/1986",1461,457.200320998912,11.8366435005415,10
"10/03/1986",1462,438.083003702931,11.5957377755013,10
"10/04/1986",1463,418.63639458148,11.4213397783927,10
"10/05/1986",1464,404.653161698349,11.61875042411,10
"10/06/1986",1465,411.527888650891,11.5799549375214,10
"10/07/1986",1466,427.966775288755,11.8201022770077,10
"10/08/1986",1467,471.51254997399,11.8265459488703,10
"10/09/1986",1468,478.830649118139,11.3173692759238,10
"10/10/1986",1469,470.225077635515,11.4342323101171,10
"10/11/1986",1470,453.40515602275,11.4263650032636,10
"10/12/1986",1471,437.731983552563,11.5791993333741,10
"10/13/1986",1472,440.636059858045,11.4749677660686,10
"10/14/1986",1473,436.746926791184,11.3258097051202,10
"10/15/1986",1474,432.569662056717,11.0367484726469,10
"10/16/1986",1475,438.902700787786,11.2801121592871,10
"10/17/1986",1476,444.889405025484,11.6774839877373,10
"10/18/1986",1477,423.807512616454,11.8116968067912,10
"10/19/1986",1478,408.394412402596,11.7638628734372,10
"10/20/1986",1479,409.18806379383,11.5980558274261,10
"10/21/1986",1480,395.462813700529,11.3969039853238,10
"10/22/1986",1481,407.484250693292,11.8571346919498,10
"10/23/1986",1482,378.031320167444,11.9941297730088,10
"10/24/1986",1483,373.450565521628,12.4136568755999,10
"10/25/1986",1484,375.4094720664,12.3475714166726,10
"10/26/1986",1485,367.034713642434,11.9906397313595,10
"10/27/1986",1486,354.97693175329,11.7418666406058,10
"10/28/1986",1487,344.207624306073,11.7104013334921,10
"10/29/1986",1488,373.317065310753,11.5760690597646,10
"10/30/1986",1489,341.561041431002,11.9372513855038,10
"10/31/1986",1490,368.517507226202,11.9628376259775,10
"11/01/1986",1491,358.852431143182,12.0191413169874,11
"11/02/1986",1492,367.578245145238,11.9429762141927,11
"11/03/1986",1493,381.395271245553,12.2746272092648,11
"11/04/1986",1494,353.352703994825,12.3654800687239,11
"11/05/1986",1495,330.131929766936,12.5601870036738,11
"11/06/1986",1496,327.712461558793,12.406593912801,11
"11/07/1986",1497,334.100318807594,12.1178675833894,11
"11/08/1986",1498,379.830414152118,12.1668478327573,11
"11/09/1986",1499,384.569768781963,12.321955495339,11
"11/10/1986",1500,374.943274469079,12.1763168552712,11
"11/11/1986",1501,390.448641081665,12.2651600978255,11
"11/12/1986",1502,413.431982819166,12.0369242328318,11
"11/13/1986",1503,432.370564952482,11.6866777149684,11
"11/14/1986",1504,401.680692291449,11.3162408441912,11
"11/15/1986",1505,414.539546705085,11.1703470955135,11
"11/16/1986",1506,433.639741544679,11.2720113502198,11
"11/17/1986",1507,423.157709825637,11.3807865366647,11
"11/18/1986",1508,413.164764043065,11.5097533269881,11
"11/19/1986",1509,431.042579131293,11.8023571159659,11
"11/20/1986",1510,409.18229491076,12.0124523340441,11
"11/21/1986",1511,433.045340913839,11.6164840584642,11
"11/22/1986",1512,402.255958957765,11.5172312077863,11
"11/23/1986",1513,432.211165704794,11.4376765836856,11
"11/24/1986",1514,445.327060556895,11.6772451776282,11
"11/25/1986",1515,457.250471869848,11.6298249640264,11
"11/26/1986",1516,428.755183319956,11.7378751167098,11
"11/27/1986",1517,456.039853029612,11.6378766707356,11
"11/28/1986",1518,445.514558627621,11.7279513596136,11
"11/29/1986",1519,460.934825429794,11.8830775689839,11
"11/30/1986",1520,440.948121464267,12.0121482634572,11
"12/01/1986",1521,448.244676483013,12.2591598635128,12
"12/02/1986",1522,467.624372948957,12.4296718604461,12
"12/03/1986",1523,500.184792901212,12.5294831661247,12
"12/04/1986",1524,487.486904043842,12.3418879836836,12
"12/05/1986",1525,459.961654284198,12.7531446341458,12
"12/06/1986",1526,471.585447321554,12.716136335809,12
"12/07/1986",1527,514.050170264855,12.7007834910229,12
"12/08/1986",1528,471.153109959241,12.484944301355,12
"12/09/1986",1529,446.676032332891,12.3959788897288,12
"12/10/1986",1530,460.0231044741,12.6384769920402,12
"12/11/1986",1531,456.540994143205,12.4597937446872,12
"12/12/1986",1532,432.292674674552,12.4420515839485,12
"12/13/1986",1533,408.698732991161,12.3236815997046,12
"12/14/1986",1534,413.785217232829,12.3450287775722,12
"12/15/1986",1535,399.949353394036,12.2258809804532,12
"12/16/1986",1536,394.529522713658,11.9694632648175,12
"12/17/1986",1537,402.635122077057,11.9511484121674,12
"12/18/1986",1538,431.438530650194,11.9306482875752,12
"12/19/1986",1539,422.042379736072,11.8908571900158,12
"12/20/1986",1540,436.590070199366,11.806574789123,12
"12/21/1986",1541,452.009674174194,11.7736563877274,12
"12/22/1986",1542,506.61450754646,11.9001734366483,12
"12/23/1986",1543,481.61836451125,12.3321359649872,12
"12/24/1986",1544,486.11840260705,12.0131895924386,12
"12/25/1986",1545,462.601065187032,11.9689337019106,12
"12/26/1986",1546,432.157177794517,11.6732866298142,12
"12/27/1986",1547,434.353639431872,12.0256633702054,12
"12/28/1986",1548,483.036528928425,12.0640484537842,12
"12/29/1986",1549,450.834003952054,12.2943522341964,12
"12/30/1986",1550,408.162402569088,12.259199242114,12
"12/31/1986",1551,420.504253882931,12.354160328892,12
"01/01/1987",1552,426.04055986615,12.3493190630122,1
"01/02/1987",1553,449.039964143384,12.2270297997325,1
"01/03/1987",1554,488.663379297189,12.1006645734694,1
"01/04/1987",1555,503.075819796608,12.1687477448481,1
"01/05/1987",1556,473.183986226141,12.2204400128096,1
"01/06/1987",1557,454.835044036015,12.1205459799037,1
"01/07/1987",1558,444.658315943232,12.1113885406469,1
"01/08/1987",1559,426.01083703081,12.1504614193661,1
"01/09/1987",1560,449.935624970071,11.8756434569793,1
"01/10/1987",1561,451.168882549492,11.9029338301192,1
"01/11/1987",1562,470.08011894622,11.9945999440882,1
"01/12/1987",1563,414.561001877191,12.2063530782671,1
"01/13/1987",1564,414.303607016832,12.2489123756737,1
"01/14/1987",1565,414.062135641031,12.2914687595495,1
"01/15/1987",1566,380.353682319105,12.126685176548,1
"01/16/1987",1567,373.243666645231,12.2048082112672,1
"01/17/1987",1568,385.229476209107,12.1530746614775,1
"01/18/1987",1569,394.539354650326,12.0501935092371,1
"01/19/1987",1570,385.198437620656,11.9144511951385,1
"01/20/1987",1571,367.455366827443,12.0765381064057,1
"01/21/1987",1572,358.93288306252,12.4408236125269,1
"01/22/1987",1573,361.546473348266,12.4882310530558,1
"01/23/1987",1574,344.280531766728,12.568453583656,1
"01/24/1987",1575,345.168031983776,12.6151456620916,1
"01/25/1987",1576,323.019071714908,12.6662511900188,1
"01/26/1987",1577,293.195893476098,12.740006302153,1
"01/27/1987",1578,316.417849265357,12.727640270381,1
"01/28/1987",1579,322.522105133488,12.6477464637296,1
"01/29/1987",1580,353.542545759803,12.4990506308169,1
"01/30/1987",1581,354.169564160819,11.9386431191681,1
"01/31/1987",1582,345.545078571582,11.8956042321972,1
"02/01/1987",1583,349.549950806833,12.2190049009033,2
"02/02/1987",1584,384.368338501696,11.5438362885428,2
"02/03/1987",1585,379.127574172724,11.6534500290834,2
"02/04/1987",1586,382.490156245878,11.8558157195184,2
"02/05/1987",1587,366.072293241402,12.0944368324087,2
"02/06/1987",1588,373.436260487741,11.9383379367106,2
"02/07/1987",1589,392.519769892792,11.8793946964468,2
"02/08/1987",1590,392.345262840233,11.9258827791559,2
"02/09/1987",1591,403.11289030885,11.9098577654377,2
"02/10/1987",1592,421.999370462845,12.1058333076819,2
"02/11/1987",1593,411.507816202222,12.040040054923,2
"02/12/1987",1594,437.234283509907,11.9869221880474,2
"02/13/1987",1595,409.935037141435,11.9933122980828,2
"02/14/1987",1596,406.932337118447,12.083536737845,2
"02/15/1987",1597,385.888940020815,12.35292777698,2
"02/16/1987",1598,374.305572141044,12.4727288214148,2
"02/17/1987",1599,391.883843081073,12.3609110788618,2
"02/18/1987",1600,424.95226570478,12.2649206962784,2
"02/19/1987",1601,429.663275327515,12.0476294448065,2
"02/20/1987",1602,386.082057013543,12.068910532764,2
"02/21/1987",1603,395.060198261075,12.2192761589562,2
"02/22/1987",1604,394.250555213115,12.269058989953,2
"02/23/1987",1605,410.396946103082,12.0356889657829,2
"02/24/1987",1606,418.535079987564,12.2711524489783,2
"02/25/1987",1607,378.335737288841,12.3498504155643,2
"02/26/1987",1608,391.124079386637,12.11424144535,2
"02/27/1987",1609,409.648377164338,12.3536394900314,2
"02/28/1987",1610,403.583204200474,12.3875031071525,2
"03/01/1987",1611,379.605125026066,12.2540004126358,3
"03/02/1987",1612,357.282827982303,12.0901414895569,3
"03/03/1987",1613,342.697075911838,12.3140358108158,3
"03/04/1987",1614,329.695645472094,12.1414954063239,3
"03/05/1987",1615,316.958626694006,11.9493776952688,3
"03/06/1987",1616,312.913634617327,12.2457113422523,3
"03/07/1987",1617,313.831642531561,12.281806559339,3
"03/08/1987",1618,266.680349230597,12.515061567558,3
"03/09/1987",1619,284.239130871615,12.6033989993404,3
"03/10/1987",1620,286.109604311159,12.7100069968444,3
"03/11/1987",1621,329.400453034227,12.2830168682598,3
"03/12/1987",1622,333.718819405901,11.6134795380294,3
"03/13/1987",1623,325.717447013674,11.537886082336,3
"03/14/1987",1624,334.920055863989,11.7609451567959,3
"03/15/1987",1625,343.415052583673,11.563581419288,3
"03/16/1987",1626,356.158554059905,11.728786921034,3
"03/17/1987",1627,350.578872563648,11.6931514461014,3
"03/18/1987",1628,345.603890799779,11.7624114430158,3
"03/19/1987",1629,345.111520421076,11.7201053497582,3
"03/20/1987",1630,312.695109171329,11.8141538868379,3
"03/21/1987",1631,282.967170362008,11.5288352608153,3
"03/22/1987",1632,297.303419521298,11.6697219403813,3
"03/23/1987",1633,309.895954503868,11.840386091837,3
"03/24/1987",1634,324.874635614296,11.704002665891,3
"03/25/1987",1635,343.338621951524,11.8544223563135,3
"03/26/1987",1636,356.550605599045,11.6786403062332,3
"03/27/1987",1637,350.964626277333,11.6654967565238,3
"03/28/1987",1638,363.650560216275,11.7727146564731,3
"03/29/1987",1639,383.37873720394,11.6457853359036,3
"03/30/1987",1640,373.614722428481,11.4756457976341,3
"03/31/1987",1641,363.340590281341,11.2861745865564,3
"04/01/1987",1642,388.189685046775,11.1500160582915,4
"04/02/1987",1643,384.558749384577,11.4559928441145,4
"04/03/1987",1644,385.635393374464,11.3513388377482,4
"04/04/1987",1645,406.952821778755,11.540108795535,4
"04/05/1987",1646,392.409325574315,11.4297120029109,4
"04/06/1987",1647,385.801876034463,11.2366903634992,4
"04/07/1987",1648,343.393160399494,11.2214203325118,4
"04/08/1987",1649,361.561882901236,11.3888236334627,4
"04/09/1987",1650,361.421856540007,11.1767367184689,4
"04/10/1987",1651,337.596450486722,11.7545521279766,4
"04/11/1987",1652,354.030349746999,11.5596161150142,4
"04/12/1987",1653,352.95972529173,11.429788248602,4
"04/13/1987",1654,350.867174638372,11.6323808022421,4
"04/14/1987",1655,366.349932481129,11.6987534971104,4
"04/15/1987",1656,362.164895184629,11.7810507742154,4
"04/16/1987",1657,362.76720759788,11.7892605049216,4
"04/17/1987",1658,415.29353897725,11.7445071905981,4
"04/18/1987",1659,432.274332580663,11.7146776910065,4
"04/19/1987",1660,388.60354932994,11.7913414456907,4
"04/20/1987",1661,364.650770132916,11.7999299552519,4
"04/21/1987",1662,331.140742086751,11.4522885718823,4
"04/22/1987",1663,359.824462753975,11.5391310272231,4
"04/23/1987",1664,348.097370202528,11.6399101381675,4
"04/24/1987",1665,387.088661448893,11.7194920836127,4
"04/25/1987",1666,369.488882074735,11.1526515585933,4
"04/26/1987",1667,353.058426565666,11.1740450467904,4
"04/27/1987",1668,363.720002635858,11.440589589694,4
"04/28/1987",1669,387.562882721612,11.5308571028176,4
"04/29/1987",1670,385.391305662691,11.5912013666114,4
"04/30/1987",1671,409.104190034854,11.6333785910152,4
"05/01/1987",1672,417.178256390856,11.503758666491,5
"05/02/1987",1673,398.491247696981,11.7542707144779,5
"05/03/1987",1674,438.948777833576,11.7320370982136,5
"05/04/1987",1675,441.974908499098,11.4302392227053,5
"05/05/1987",1676,439.321927528663,11.5422896593654,5
"05/06/1987",1677,440.416257214483,11.3317264632727,5
"05/07/1987",1678,461.217268518264,11.1928590598569,5
"05/08/1987",1679,453.409495238396,11.3215482210028,5
"05/09/1987",1680,450.034055445701,11.1871148420072,5
"05/10/1987",1681,415.643689587719,11.3668485247644,5
"05/11/1987",1682,428.731122438256,11.2553790432823,5
"05/12/1987",1683,436.439092837756,11.5180824306081,5
"05/13/1987",1684,427.886487920814,11.7915298825927,5
"05/14/1987",1685,441.134583515761,11.7433601465482,5
"05/15/1987",1686,450.888924013193,11.8564418059672,5
"05/16/1987",1687,424.600427318704,12.0685965930895,5
"05/17/1987",1688,400.746736932786,12.1539524792202,5
"05/18/1987",1689,393.664430823248,11.7355119434857,5
"05/19/1987",1690,351.872898980012,11.5348599487965,5
"05/20/1987",1691,365.457818468985,11.6171261032674,5
"05/21/1987",1692,342.103185868239,11.8172964457648,5
"05/22/1987",1693,383.811120213058,11.9504451968431,5
"05/23/1987",1694,376.483951292737,12.3135802908373,5
"05/24/1987",1695,386.465098331619,12.2130105911556,5
"05/25/1987",1696,381.44793687024,12.4303926031805,5
"05/26/1987",1697,408.291253592587,12.3701399213925,5
"05/27/1987",1698,400.851905532648,12.2047179553733,5
"05/28/1987",1699,387.831330066133,12.3589690516116,5
"05/29/1987",1700,400.44963924046,12.4237545402648,5
"05/30/1987",1701,383.971043246089,12.1496542684803,5
"05/31/1987",1702,362.991932816851,11.7183425749702,5
"06/01/1987",1703,377.053679737649,11.968281189988,6
"06/02/1987",1704,409.314141710439,11.7314571076905,6
"06/03/1987",1705,430.612141129447,11.4820404786584,6
"06/04/1987",1706,400.222135296086,11.9224217854452,6
"06/05/1987",1707,422.778757852188,11.5369616209314,6
"06/06/1987",1708,440.508174319911,11.6335218249095,6
"06/07/1987",1709,424.913132016588,11.6841112445441,6
"06/08/1987",1710,446.519924368353,11.8479710581863,6
"06/09/1987",1711,445.331715175354,11.7815202811232,6
"06/10/1987",1712,425.694216550787,11.9641062152998,6
"06/11/1987",1713,411.05359980127,11.9606655396573,6
"06/12/1987",1714,416.282851581622,12.0270729048015,6
"06/13/1987",1715,395.014809856241,12.2615253137673,6
"06/14/1987",1716,438.770196620758,12.2149416449806,6
"06/15/1987",1717,446.344248583912,11.9430233012671,6
"06/16/1987",1718,411.913877770682,11.9621440314746,6
"06/17/1987",1719,403.162804065605,11.883832505293,6
"06/18/1987",1720,384.44935606659,11.9579233560354,6
"06/19/1987",1721,418.62377701294,11.9554621370736,6
"06/20/1987",1722,422.209708941524,11.6052317746462,6
"06/21/1987",1723,416.856770384847,11.5006116784168,6
"06/22/1987",1724,441.302987090139,11.5783962676135,6
"06/23/1987",1725,451.803408984041,11.508882268047,6
"06/24/1987",1726,435.760978590134,11.3897561522962,6
"06/25/1987",1727,432.272611795775,11.5654679630513,6
"06/26/1987",1728,392.344119284745,11.5435160200831,6
"06/27/1987",1729,398.758563480446,11.5464889809193,6
"06/28/1987",1730,422.148704309379,11.6155618450494,6
"06/29/1987",1731,431.974545807748,12.05870712127,6
"06/30/1987",1732,402.710245117587,12.4030938242746,6
"07/01/1987",1733,417.373428755672,12.2924734325845,7
"07/02/1987",1734,439.17090741412,12.3702604900871,7
"07/03/1987",1735,413.934773483017,12.0241197162206,7
"07/04/1987",1736,414.518478795384,12.0673341818211,7
"07/05/1987",1737,369.299486844245,12.2360531538461,7
"07/06/1987",1738,360.559833604658,12.3618470123759,7
"07/07/1987",1739,380.594067926563,12.4210167263663,7
"07/08/1987",1740,437.928245183678,12.2729965120169,7
"07/09/1987",1741,462.500678031542,12.551127247552,7
"07/10/1987",1742,475.998479513234,12.138002889994,7
"07/11/1987",1743,466.431221563415,12.4141224316437,7
"07/12/1987",1744,435.251644124684,12.0395266681889,7
"07/13/1987",1745,459.652653746842,12.2412815259544,7
"07/14/1987",1746,453.029237541378,12.5821672869774,7
"07/15/1987",1747,432.146306282296,12.7721440528889,7
"07/16/1987",1748,458.251138238973,12.8731411353017,7
"07/17/1987",1749,450.572606231825,12.947035340017,7
"07/18/1987",1750,428.731435050421,12.622796977319,7
"07/19/1987",1751,419.133024055247,12.1551684867228,7
"07/20/1987",1752,391.41177779761,12.1176687719703,7
"07/21/1987",1753,375.194302895014,12.0832903404855,7
"07/22/1987",1754,398.211547266678,12.1346423736375,7
"07/23/1987",1755,380.140404321137,12.274297414948,7
"07/24/1987",1756,395.221967397599,12.2596045776358,7
"07/25/1987",1757,414.55719169644,12.0167924909564,7
"07/26/1987",1758,455.173302141249,11.972259803256,7
"07/27/1987",1759,465.800487024037,12.03127489561,7
"07/28/1987",1760,480.422932776302,11.9206797678805,7
"07/29/1987",1761,473.629680739478,12.1604731787994,7
"07/30/1987",1762,482.508946054159,12.2491943185612,7
"07/31/1987",1763,490.253130863875,12.2597027448288,7
"08/01/1987",1764,454.002165603514,12.2426330799995,8
"08/02/1987",1765,466.77934044989,12.1095473050896,8
"08/03/1987",1766,460.316379676399,12.0247364919514,8
"08/04/1987",1767,456.903855339415,11.8298004560574,8
"08/05/1987",1768,478.35133113354,11.8997094242677,8
"08/06/1987",1769,413.970253792221,11.7949766643338,8
"08/07/1987",1770,428.266350980664,12.0832959888835,8
"08/08/1987",1771,456.002518838681,12.1760678012703,8
"08/09/1987",1772,432.708532865042,12.2283629643855,8
"08/10/1987",1773,429.106609013348,12.4731151005109,8
"08/11/1987",1774,466.649700656989,12.3171145401125,8
"08/12/1987",1775,478.416385433155,12.5472132223868,8
"08/13/1987",1776,488.312614400614,12.1408279839134,8
"08/14/1987",1777,491.681264610597,12.1768109592405,8
"08/15/1987",1778,472.699858148178,12.3197889263729,8
"08/16/1987",1779,444.58906347931,12.2869388181706,8
"08/17/1987",1780,459.649706930958,11.9047484403486,8
"08/18/1987",1781,489.540598766617,11.8642676448285,8
"08/19/1987",1782,458.4926345698,11.8752741202947,8
"08/20/1987",1783,434.582796066595,11.4523615817363,8
"08/21/1987",1784,426.698660243793,11.7190612429256,8
"08/22/1987",1785,379.773388831919,11.425907372315,8
"08/23/1987",1786,388.45570262471,11.5803652780202,8
"08/24/1987",1787,408.442974346528,11.3003433322713,8
"08/25/1987",1788,427.574647065582,11.3260559052572,8
"08/26/1987",1789,390.790716380519,11.2849352416515,8
"08/27/1987",1790,404.825660963928,11.2120269328882,8
"08/28/1987",1791,389.497014744737,11.4865268056229,8
"08/29/1987",1792,367.723041018305,11.134119911885,8
"08/30/1987",1793,367.009773761648,11.6210700362741,8
"08/31/1987",1794,397.855407584586,11.3987837552439,8
"09/01/1987",1795,377.94029754385,11.2316615104289,9
"09/02/1987",1796,394.836372155365,10.8939247994885,9
"09/03/1987",1797,413.814934960827,10.9923222704566,9
"09/04/1987",1798,396.669311317047,10.8996026002455,9
"09/05/1987",1799,403.713706282998,10.9756215974454,9
"09/06/1987",1800,409.101107376873,11.2048492952019,9
"09/07/1987",1801,427.689439636295,11.4357007108106,9
"09/08/1987",1802,428.601308802229,11.4989081823451,9
"09/09/1987",1803,438.161562072812,11.5687247983909,9
"09/10/1987",1804,423.908517518517,11.6288028576014,9
"09/11/1987",1805,442.466381175658,11.6247788179357,9
"09/12/1987",1806,448.727560808368,11.7851636463038,9
"09/13/1987",1807,448.413007460858,11.4160528427722,9
"09/14/1987",1808,433.688660446184,11.2431683506985,9
"09/15/1987",1809,444.229811037094,11.3587042019826,9
"09/16/1987",1810,425.453204325765,11.5031848311957,9
"09/17/1987",1811,441.570472996636,11.4798823050936,9
"09/18/1987",1812,458.3748971952,11.7433443344555,9
"09/19/1987",1813,426.814631852144,11.9646236379657,9
"09/20/1987",1814,406.625825927386,11.8084357994433,9
"09/21/1987",1815,390.095601303486,11.7995960701602,9
"09/22/1987",1816,391.658134949484,12.024043504207,9
"09/23/1987",1817,383.519851293333,12.1316766315587,9
"09/24/1987",1818,403.673078680689,12.3577382419165,9
"09/25/1987",1819,376.359605801342,12.311107812559,9
"09/26/1987",1820,370.548718503853,12.5652938938111,9
"09/27/1987",1821,393.911527803472,12.3081951150429,9
"09/28/1987",1822,363.058900312086,12.0060652594715,9
"09/29/1987",1823,380.047772985956,12.1352820824816,9
"09/30/1987",1824,368.310262083912,12.2696777566387,9
"10/01/1987",1825,350.831701052931,12.5236949049661,10
