"veg","distance","area","lat_dist","wood","fine","gravel","cobble","rock","shade_1","shade_2","shade_3","shade_4","shade_5","shade_6","shade_7","shade_8","shade_9","shade_10","shade_11","shade_12"
0.01,200,9984.55499069393,0,0.04,0,0,0,0,0.38,0.29,0.22,0.17,0.13,0.11,0.12,0.15,0.2,0.26,0.35,0.4
0.02,300,9984.55419395864,0,0.09,0,0,0,0,0.48,0.39,0.32,0.27,0.23,0.22,0.22,0.25,0.3,0.37,0.45,0.5
0.03,400,9984.54113277793,0,0.12,0,0,0,0,0.53,0.45,0.38,0.33,0.3,0.28,0.29,0.32,0.36,0.42,0.51,0.56
0.04,500,9984.5312319994,0,0.07,0,0,0,0,0.42,0.34,0.27,0.23,0.22,0.22,0.22,0.23,0.25,0.31,0.39,0.45
0.01,600,9984.53068584204,0,0.04,0,0,0,0,0.36,0.27,0.2,0.16,0.15,0.15,0.15,0.15,0.18,0.24,0.33,0.38
0.02,700,9984.5291133225,0,0.06,0,0,0,0,0.27,0.19,0.16,0.16,0.16,0.17,0.16,0.16,0.16,0.18,0.24,0.3
0.05,800,9984.53458875418,0,0.12,0,0,0,0,0.3,0.27,0.27,0.27,0.27,0.28,0.27,0.27,0.27,0.27,0.28,0.33
0.06,900,9984.54962189496,0,0.16,0,0,0,0,0.35,0.35,0.35,0.35,0.36,0.37,0.37,0.35,0.35,0.35,0.35,0.36
0.07,1000,9984.57347117364,0,0.18,0,0,0,0,0.4,0.4,0.4,0.4,0.41,0.42,0.42,0.4,0.4,0.4,0.4,0.4
0.07,1100,9984.60229283571,0,0.19,0,0,0,0,0.4,0.4,0.4,0.4,0.43,0.45,0.44,0.41,0.4,0.4,0.4,0.4
0.06,1200,9984.61076885462,0,0.16,0,0,0,0,0.35,0.35,0.35,0.36,0.38,0.39,0.38,0.37,0.36,0.35,0.35,0.35
0.08,1300,9984.58683001995,0,0.2,0,0,0,0,0.42,0.42,0.43,0.43,0.45,0.46,0.46,0.44,0.43,0.42,0.42,0.42
0.06,1400,9984.55737070739,0,0.21,0,0,0,0,0.43,0.4,0.41,0.43,0.45,0.46,0.46,0.43,0.41,0.4,0.42,0.45
0.02,1500,9984.52326031029,0,0.09,0,0,0,0,0.36,0.29,0.26,0.27,0.28,0.29,0.28,0.27,0.26,0.27,0.33,0.39
0.03,1600,9984.45928165317,0,0.09,0,0,0,0,0.54,0.46,0.4,0.35,0.32,0.32,0.32,0.33,0.37,0.44,0.52,0.57
0.1,1700,9984.51451353729,0,0.31,0,0,0,0,0.78,0.78,0.77,0.74,0.74,0.75,0.75,0.74,0.76,0.78,0.78,0.78
0.14,1800,9984.56048357487,0,0.36,0,0,0,0,0.96,0.96,0.93,0.9,0.88,0.88,0.88,0.89,0.92,0.95,0.96,0.96
0.2,1900,9984.57211358845,0,0.37,0,0,0,0,1,1,1,0.98,0.97,0.97,0.97,0.98,0.99,1,1,1
0.31,2000,9984.57688716054,0,0.37,0,0,0,0,1,1,0.98,0.96,0.94,0.93,0.94,0.95,0.97,1,1,1
0.25,2100,9984.57176592946,0,0.17,0,0,0,0,0.98,0.92,0.84,0.78,0.75,0.73,0.74,0.76,0.81,0.89,0.96,0.98
0.14,2200,9984.56254048645,0,0.07,0,0,0,0,0.64,0.56,0.5,0.45,0.42,0.41,0.41,0.44,0.48,0.53,0.61,0.67
0.14,2300,9984.55479969084,0,0.1,0,0,0,0,0.64,0.58,0.54,0.53,0.54,0.55,0.54,0.53,0.53,0.56,0.62,0.65
0.18,2400,9984.53265814483,0,0.09,0,0,0,0,0.58,0.55,0.53,0.55,0.56,0.57,0.57,0.55,0.54,0.54,0.57,0.58
0.14,2500,9984.48715026677,0,0.27,0,0,0,0,0.57,0.57,0.57,0.59,0.62,0.63,0.62,0.6,0.58,0.57,0.57,0.57
0.3,2600,9984.53295099735,0,0.16,0,0,0,0,0.69,0.69,0.67,0.65,0.65,0.66,0.65,0.64,0.66,0.68,0.69,0.69
0.34,2700,9984.55671423674,0,0.19,0,0,0,0,0.92,0.88,0.84,0.8,0.78,0.77,0.77,0.79,0.82,0.86,0.9,0.93
0.05,2800,9984.57686957717,0,0.03,0,0,0,0,0.37,0.3,0.25,0.2,0.17,0.16,0.17,0.19,0.23,0.28,0.35,0.4
0.02,2900,9984.58196872473,0,0.09,0,0,0,0,0.51,0.44,0.39,0.36,0.35,0.34,0.34,0.35,0.37,0.41,0.49,0.54
0.05,3000,9984.56002013385,0,0.22,0,0,0,0,0.8,0.73,0.68,0.65,0.64,0.63,0.64,0.65,0.66,0.71,0.78,0.82
0.08,3100,9984.54262144864,0,0.14,0,0,0,0,0.58,0.58,0.58,0.57,0.57,0.57,0.57,0.57,0.58,0.58,0.58,0.59
0,3200,9984.55182406306,0,0.01,0,0,0,0,0.04,0.02,0.01,0.02,0.02,0.02,0.02,0.02,0.01,0.02,0.04,0.05
0,3300,9984.54425625503,0,0,0,0,0,0,0.12,0.05,0.01,0,0,0,0,0,0.01,0.03,0.1,0.15
0,3400,9984.42647784948,0,0.03,0,0,0,0,0.33,0.27,0.21,0.17,0.14,0.13,0.13,0.15,0.19,0.24,0.31,0.36
0.03,3500,9984.46883392334,0,0.16,0,0,0,0,0.58,0.5,0.44,0.39,0.36,0.34,0.35,0.37,0.42,0.48,0.55,0.6
0.08,3600,9984.61021059752,0,0.24,0.03,0.03,0,0,0.8,0.71,0.64,0.59,0.56,0.55,0.55,0.58,0.62,0.68,0.77,0.83
0.12,3700,9984.71825584769,0,0.26,0.12,0.12,0,0,0.8,0.7,0.63,0.59,0.57,0.56,0.56,0.58,0.61,0.67,0.77,0.84
0.13,3800,9984.59253661335,0,0.22,0.16,0.16,0,0,0.8,0.7,0.63,0.58,0.55,0.54,0.54,0.56,0.6,0.67,0.76,0.84
0.07,3900,9984.49238392711,0,0.07,0.13,0.13,0,0,0.57,0.48,0.41,0.35,0.32,0.31,0.32,0.34,0.39,0.45,0.54,0.6
0.02,4000,9984.50367842615,0,0.04,0,0,0,0,0.37,0.28,0.21,0.17,0.15,0.14,0.14,0.16,0.19,0.25,0.34,0.4
0.29,4100,9984.33549179137,0,0.03,0,0,0,0,0.29,0.28,0.27,0.25,0.25,0.25,0.25,0.25,0.26,0.27,0.28,0.29
0.35,4200,9984.31807199121,0,0.17,0.02,0.02,0,0,0.68,0.61,0.55,0.51,0.49,0.48,0.48,0.5,0.53,0.59,0.66,0.71
0.25,4300,9984.75584761798,0,0.19,0.11,0.11,0,0,0.71,0.66,0.63,0.62,0.62,0.63,0.62,0.62,0.63,0.65,0.69,0.73
0.12,4400,9985.37417882681,0,0.02,0,0,0,0,0.17,0.15,0.13,0.12,0.11,0.11,0.11,0.11,0.13,0.14,0.17,0.18
0,4500,9985.18538248539,0,0,0,0,0,0,0,0,0,0,0,0,0,0,0,0,0,0
0,4600,9984.43536113203,0,0.23,0,0,0,0,0,0,0,0,0,0,0,0,0,0,0,0
0,4700,9982.55492004752,0,0.02,0,0,0,0,0,0,0,0,0,0,0,0,0,0,0,0
0.19,4800,9983.35846550763,0,0,0,0,0,0,0,0,0,0,0,0,0,0,0,0,0,0
0.39,4900,9984.73605573922,0,0.13,0,0,0,0,0.45,0.44,0.43,0.43,0.43,0.44,0.44,0.43,0.43,0.44,0.44,0.45
0.19,5000,9985.3366978243,0,0.38,0,0,0,0,0.99,0.98,0.97,0.95,0.95,0.94,0.94,0.95,0.96,0.98,0.99,0.99
0.06,5100,9985.25283359736,0,0.23,0,0,0,0,0.81,0.74,0.67,0.62,0.59,0.58,0.58,0.61,0.65,0.71,0.79,0.84
0.19,5200,9984.58924446255,0,0.11,0,0,0,0,0.47,0.48,0.49,0.5,0.51,0.52,0.51,0.51,0.5,0.48,0.48,0.47
0.35,5300,9984.24305113405,0,0.15,0,0,0,0,0.96,0.93,0.9,0.88,0.88,0.88,0.88,0.88,0.89,0.91,0.95,0.97
0.23,5400,9984.2281091474,0,0.17,0,0,0,0,0.87,0.83,0.78,0.74,0.72,0.71,0.71,0.73,0.76,0.81,0.86,0.89
0.03,5500,9984.59158637375,0,0.01,0,0,0,0,0.22,0.18,0.15,0.13,0.12,0.11,0.11,0.12,0.14,0.17,0.21,0.23
0.15,5600,9984.59293518215,0,0,0,0,0,0,0.17,0.16,0.16,0.16,0.16,0.17,0.16,0.16,0.16,0.16,0.17,0.17
0.4,5700,9984.56258198991,0,0.12,0,0,0,0,0.84,0.83,0.82,0.81,0.8,0.8,0.8,0.81,0.81,0.82,0.83,0.84
0.53,5800,9984.55557086319,0,0.03,0,0,0,0,0.32,0.31,0.3,0.29,0.28,0.28,0.28,0.29,0.29,0.3,0.32,0.33
0.51,5900,9984.58872283995,0,0.09,0,0,0,0,0.8,0.78,0.77,0.77,0.76,0.75,0.76,0.76,0.77,0.78,0.79,0.8
0.35,6000,9984.63007249311,0,0.22,0,0,0,0,0.95,0.92,0.88,0.84,0.83,0.82,0.82,0.84,0.86,0.9,0.94,0.95
0.15,6100,9984.64077556878,0,0.43,0,0,0,0,0.97,0.97,0.97,0.97,0.97,0.98,0.98,0.97,0.97,0.97,0.97,0.97
0.13,6200,9984.57971324772,0,0.46,0,0,0,0,1,1,1,1,1,1,1,1,1,1,1,1
0.13,6300,9984.01206061244,0,0.46,0,0,0,0,1,1,1,1,1,1,1,1,1,1,1,1
0.13,6400,9983.7002126053,0,0.46,0,0,0,0,1,1,1,1,1,1,1,1,1,1,1,1
0.12,6500,9984.09099164605,0,0.46,0,0,0,0,1,1,1,1,1,1,1,1,1,1,1,1
0.2,6600,9985.15715178847,0,0.37,0,0,0,0,0.98,0.96,0.93,0.9,0.88,0.87,0.88,0.89,0.92,0.95,0.98,0.99
0.46,6700,9986.0905456543,0,0.04,0,0,0,0,0.22,0.17,0.13,0.1,0.08,0.08,0.08,0.09,0.11,0.15,0.2,0.24
0.27,6800,9984.74465888739,0,0.29,0,0,0,0,0.79,0.77,0.77,0.77,0.78,0.78,0.78,0.77,0.76,0.77,0.79,0.8
0.14,6900,9983.03287361562,0,0.45,0,0,0,0,0.99,0.99,0.99,0.99,0.99,0.99,0.99,0.99,0.99,0.99,0.99,0.99
0.22,7000,9984.33682915568,0,0.34,0,0,0,0,0.99,0.98,0.95,0.92,0.91,0.9,0.9,0.91,0.94,0.97,0.99,1
0.35,7100,9984.76769369841,0,0.17,0,0,0,0,0.82,0.72,0.64,0.57,0.54,0.53,0.53,0.56,0.61,0.69,0.79,0.85
0.4,7200,9984.6430709064,0,0.04,0,0,0,0,0.5,0.43,0.36,0.31,0.29,0.28,0.28,0.3,0.34,0.4,0.48,0.53
0.11,7300,9984.55667461455,0,0.01,0,0,0,0,0.28,0.23,0.2,0.19,0.18,0.18,0.18,0.18,0.2,0.21,0.26,0.3
0.1,7400,9984.55617338419,0,0.02,0,0,0,0,0.26,0.26,0.26,0.26,0.26,0.26,0.26,0.26,0.26,0.26,0.26,0.26
0.11,7500,9984.57089610398,0,0.03,0,0,0,0,0.4,0.4,0.4,0.41,0.41,0.41,0.41,0.41,0.4,0.4,0.4,0.4
0.05,7600,9984.55828000605,0,0.02,0,0,0,0,0.23,0.22,0.21,0.2,0.2,0.2,0.2,0.2,0.2,0.22,0.23,0.23
0.04,7700,9984.47073058784,0,0,0,0,0,0,0.01,0.01,0.02,0.04,0.06,0.07,0.07,0.05,0.02,0.01,0.01,0.01
0.05,7800,9984.51480714977,0,0,0,0,0,0,0.11,0.04,0.01,0,0,0.01,0,0,0,0.02,0.09,0.13
0.07,7900,9984.53318342566,0,0,0,0,0,0,0.18,0.11,0.07,0.04,0.03,0.03,0.03,0.03,0.05,0.09,0.16,0.2
0.07,8000,9984.56002981961,0,0,0,0,0,0,0.24,0.16,0.1,0.05,0.02,0.01,0.01,0.03,0.08,0.14,0.21,0.26
0.11,8100,9984.61459267139,0,0,0,0,0,0,0.18,0.1,0.04,0.01,0,0,0,0,0.02,0.08,0.15,0.2
0.16,8200,9984.67005085945,0,0,0,0,0,0,0.15,0.07,0.02,0,0,0,0,0,0.01,0.05,0.12,0.17
0.24,8300,9984.6386950016,0,0.01,0,0,0,0,0.18,0.13,0.11,0.11,0.1,0.1,0.1,0.11,0.11,0.12,0.16,0.21
0.23,8400,9984.46489326656,0,0.02,0,0,0,0,0.4,0.37,0.35,0.35,0.36,0.36,0.36,0.36,0.35,0.36,0.39,0.42
0.1,8500,9984.27613995969,0,0.02,0.12,0.12,0,0,0.3,0.28,0.28,0.29,0.3,0.3,0.3,0.29,0.29,0.28,0.29,0.32
0.13,8600,9984.78134347498,0,0.03,0.09,0.09,0,0,0.36,0.34,0.34,0.36,0.37,0.37,0.37,0.36,0.35,0.34,0.35,0.36
0.05,8700,9984.58626024425,0,0.01,0.05,0.05,0,0,0.34,0.29,0.24,0.2,0.18,0.17,0.17,0.19,0.22,0.27,0.33,0.36
0.01,8800,9984.41509282589,0,0.01,0.09,0.09,0,0,0.3,0.25,0.21,0.17,0.16,0.15,0.15,0.16,0.19,0.23,0.29,0.32
0.16,200,10009.17223984,-100,0.17,0,0,0,0,0.33,0.33,0.33,0.34,0.36,0.37,0.36,0.35,0.33,0.33,0.33,0.33
0.15,200,9959.9376693815,100,0.35,0,0,0,0,0.89,0.88,0.86,0.85,0.84,0.85,0.84,0.84,0.86,0.87,0.89,0.89
0.15,300,10035.488861233,-100,0.13,0,0,0,0,0.27,0.27,0.27,0.28,0.3,0.32,0.31,0.29,0.27,0.27,0.27,0.27
0.13,300,9933.61931917071,100,0.36,0,0,0,0,0.84,0.84,0.84,0.84,0.85,0.86,0.86,0.84,0.84,0.84,0.84,0.84
0.16,400,10058.7465117276,-100,0.05,0,0,0,0,0.09,0.1,0.1,0.11,0.12,0.13,0.12,0.11,0.1,0.1,0.1,0.09
0.14,400,9910.33523337543,100,0.37,0,0,0,0,0.87,0.87,0.86,0.86,0.86,0.88,0.87,0.86,0.86,0.87,0.87,0.87
0.14,500,10079.6666285694,-100,0.01,0,0,0,0,0.01,0.01,0.01,0.02,0.02,0.03,0.03,0.02,0.01,0.01,0.01,0.01
0.16,500,9889.39468173683,100,0.38,0,0,0,0,0.9,0.9,0.9,0.89,0.89,0.9,0.89,0.88,0.9,0.9,0.9,0.9
0.14,600,10100.1873352379,-100,0.06,0,0,0,0,0.13,0.13,0.13,0.12,0.14,0.15,0.15,0.13,0.13,0.13,0.13,0.13
0.18,600,9868.87176766992,100,0.46,0,0,0,0,1,1,1,1,1,1,1,1,1,1,1,1
0.13,700,10123.3570052683,-100,0.1,0,0,0,0,0.36,0.36,0.32,0.28,0.26,0.25,0.25,0.27,0.3,0.35,0.36,0.36
0.18,700,9845.69728717208,100,0.46,0,0,0,0,1,1,1,1,1,1,1,1,1,1,1,1
0.17,800,10145.0368801355,-100,0.11,0,0,0,0,0.46,0.41,0.36,0.32,0.31,0.31,0.31,0.31,0.34,0.39,0.46,0.46
0.19,800,9824.02623809874,100,0.46,0,0,0,0,1,1,1,1,1,1,1,1,1,1,1,1
0.06,900,10162.3855295628,-100,0.21,0,0,0,0,0.74,0.66,0.59,0.54,0.52,0.52,0.52,0.53,0.57,0.63,0.71,0.77
0.2,900,9806.70551286638,100,0.44,0,0,0,0,1,1,1,1,1,1,1,1,1,1,1,1
0.04,1000,10174.3078368306,-100,0.22,0,0,0,0,0.78,0.7,0.63,0.58,0.56,0.56,0.56,0.56,0.61,0.67,0.76,0.81
0.24,1000,9794.82916888595,100,0.39,0,0,0,0,0.99,0.97,0.96,0.94,0.93,0.93,0.93,0.94,0.95,0.97,0.99,1
0.05,1100,10181.1279533058,-100,0.23,0,0,0,0,0.77,0.69,0.62,0.57,0.55,0.55,0.55,0.55,0.6,0.66,0.74,0.8
0.23,1100,9788.06462527812,100,0.45,0,0,0,0,1,1,1,1,1,1,1,1,1,1,1,1
0.04,1200,10184.5313069224,-100,0.21,0,0,0,0,0.73,0.65,0.58,0.52,0.51,0.51,0.51,0.51,0.55,0.62,0.7,0.75
0.28,1200,9784.66783618927,100,0.34,0,0,0,0,1,0.98,0.96,0.9,0.87,0.85,0.86,0.89,0.94,0.98,0.99,1
0.05,1300,10184.5638128966,-100,0.25,0,0,0,0,0.78,0.7,0.63,0.58,0.57,0.57,0.57,0.57,0.61,0.67,0.76,0.81
0.37,1300,9784.5984928906,100,0.1,0,0,0,0,0.68,0.58,0.48,0.41,0.37,0.36,0.36,0.39,0.45,0.54,0.65,0.71
0.06,1400,10182.3199459463,-100,0.31,0,0,0,0,0.88,0.83,0.76,0.71,0.7,0.7,0.7,0.7,0.74,0.8,0.87,0.89
0.39,1400,9786.78390981257,100,0.1,0,0,0,0,0.53,0.45,0.39,0.33,0.3,0.29,0.3,0.32,0.36,0.42,0.5,0.55
0.09,1500,10176.5468229949,-100,0.45,0,0,0,0,0.95,0.94,0.92,0.9,0.91,0.91,0.91,0.9,0.92,0.94,0.95,0.95
0.29,1500,9792.48996557295,100,0.29,0,0,0,0,0.91,0.84,0.77,0.72,0.68,0.67,0.67,0.7,0.75,0.81,0.89,0.94
0.08,1600,10178.5551341325,-100,0.39,0,0,0,0,0.96,0.92,0.87,0.82,0.8,0.78,0.79,0.81,0.85,0.9,0.95,0.97
0.15,1600,9790.35512499511,100,0.38,0,0,0,0,0.83,0.81,0.81,0.82,0.81,0.81,0.81,0.82,0.82,0.81,0.82,0.85
0.07,1700,10153.2974934131,-100,0.26,0,0,0,0,0.8,0.73,0.66,0.61,0.58,0.57,0.57,0.6,0.64,0.7,0.78,0.83
0.06,1700,9815.72519975901,100,0.36,0,0,0,0,0.82,0.75,0.71,0.71,0.72,0.72,0.72,0.71,0.71,0.73,0.8,0.85
0.06,1800,10130.06075643,-100,0.2,0,0,0,0,0.74,0.66,0.59,0.54,0.51,0.51,0.51,0.53,0.57,0.63,0.71,0.77
0.08,1800,9839.05560384691,100,0.25,0,0,0,0,0.79,0.72,0.68,0.66,0.66,0.65,0.66,0.66,0.67,0.7,0.77,0.82
0.07,1900,10113.4896969199,-100,0.22,0,0,0,0,0.8,0.71,0.65,0.59,0.57,0.57,0.57,0.58,0.62,0.69,0.77,0.83
0.09,1900,9855.65126016736,100,0.08,0,0,0,0,0.48,0.4,0.34,0.31,0.29,0.28,0.28,0.3,0.32,0.38,0.45,0.51
0.07,2000,10102.1817920059,-100,0.21,0,0,0,0,0.77,0.69,0.62,0.59,0.58,0.58,0.58,0.58,0.6,0.66,0.74,0.8
0.01,2000,9866.96750046313,100,0.01,0,0,0,0,0.22,0.13,0.08,0.05,0.03,0.03,0.03,0.04,0.06,0.1,0.19,0.25
0.09,2100,10098.5838180482,-100,0.22,0,0,0,0,0.82,0.75,0.7,0.65,0.64,0.64,0.64,0.65,0.68,0.73,0.8,0.85
0.01,2100,9870.55763590336,100,0.07,0,0,0,0,0.16,0.13,0.13,0.15,0.17,0.19,0.18,0.16,0.13,0.13,0.14,0.18
0.04,2200,10101.331010744,-100,0.06,0,0,0,0,0.47,0.38,0.32,0.3,0.29,0.29,0.29,0.29,0.3,0.35,0.45,0.5
0.11,2200,9867.79175332189,100,0.49,0,0,0,0,0.86,0.86,0.86,0.87,0.89,0.9,0.89,0.87,0.86,0.86,0.86,0.86
0.05,2300,10109.9995839,-100,0.16,0,0,0,0,0.66,0.58,0.52,0.46,0.43,0.41,0.42,0.45,0.49,0.55,0.63,0.68
0.15,2300,9859.10705511272,100,0.55,0,0,0,0,1,1,1,1,1,1,1,1,1,1,1,1
0.03,2400,10123.2688058615,-100,0.2,0,0,0,0,0.65,0.57,0.51,0.46,0.43,0.41,0.42,0.45,0.49,0.55,0.62,0.68
0.09,2400,9845.79275466502,100,0.25,0,0,0,0,0.92,0.89,0.85,0.81,0.79,0.79,0.79,0.81,0.83,0.87,0.91,0.94
0.02,2500,10143.2952088863,-100,0.29,0,0,0,0,0.76,0.68,0.62,0.56,0.53,0.51,0.52,0.55,0.59,0.66,0.74,0.79
0.29,2500,9825.67452786863,100,0.32,0,0,0,0,1,0.99,0.96,0.93,0.92,0.92,0.92,0.93,0.95,0.98,1,1
0.04,2600,10138.5376413912,-100,0.19,0,0,0,0,0.76,0.67,0.6,0.54,0.5,0.48,0.49,0.52,0.57,0.65,0.73,0.79
0.44,2600,9830.52312222123,100,0.24,0,0,0,0,0.99,0.96,0.93,0.92,0.92,0.92,0.92,0.92,0.92,0.95,0.98,0.99
0.01,2700,10138.2067369372,-100,0.03,0,0,0,0,0.05,0.03,0.02,0.02,0.04,0.05,0.04,0.03,0.01,0.02,0.04,0.06
0.4,2700,9830.90142893791,100,0.08,0,0,0,0,0.65,0.56,0.49,0.44,0.41,0.4,0.41,0.43,0.47,0.54,0.62,0.68
0.01,2800,10129.9904145747,-100,0.01,0,0,0,0,0.21,0.14,0.09,0.08,0.08,0.09,0.08,0.08,0.08,0.12,0.19,0.24
0.29,2800,9839.15854755044,100,0.12,0,0,0,0,0.62,0.6,0.6,0.6,0.6,0.61,0.61,0.6,0.6,0.6,0.62,0.63
0,2900,10111.5969380736,-100,0.01,0,0,0,0,0.31,0.24,0.18,0.13,0.1,0.09,0.1,0.11,0.15,0.21,0.29,0.34
0.04,2900,9857.561189726,100,0.2,0,0,0,0,0.47,0.43,0.42,0.42,0.43,0.43,0.43,0.42,0.42,0.42,0.45,0.48
0.02,3000,10080.0315791219,-100,0.1,0,0,0,0,0.53,0.46,0.4,0.35,0.33,0.32,0.32,0.34,0.38,0.43,0.51,0.55
0.25,3000,9889.08774402738,100,0.18,0,0,0,0,0.65,0.57,0.49,0.42,0.39,0.38,0.38,0.41,0.46,0.54,0.63,0.69
0.5,3100,9936.58608154953,100,0.28,0,0,0,0,0.67,0.68,0.7,0.71,0.73,0.73,0.73,0.71,0.7,0.69,0.67,0.67
0.06,3100,10032.4991218597,-100,0.16,0,0,0,0,0.64,0.58,0.53,0.5,0.47,0.46,0.46,0.49,0.52,0.56,0.62,0.66
0.21,3200,10000.7146746218,100,0.2,0,0,0,0,0.7,0.65,0.6,0.57,0.55,0.54,0.54,0.56,0.59,0.63,0.69,0.72
0.11,3200,9968.38892455399,-100,0.21,0,0,0,0,0.81,0.74,0.69,0.65,0.63,0.63,0.63,0.64,0.67,0.72,0.79,0.82
0.11,3300,9885.40530687571,-100,0.36,0,0,0,0,0.97,0.97,0.94,0.9,0.87,0.85,0.86,0.88,0.92,0.96,0.97,0.97
0.22,3300,10083.6815437376,100,0.06,0,0,0,0,0.34,0.27,0.22,0.19,0.18,0.18,0.18,0.19,0.21,0.25,0.32,0.36
0.26,3400,10183.5056086183,100,0.04,0,0,0,0,0.45,0.39,0.33,0.32,0.31,0.31,0.31,0.32,0.32,0.37,0.43,0.47
0.2,3400,9785.33910940588,-100,0.34,0,0,0,0,0.86,0.86,0.86,0.86,0.87,0.88,0.87,0.87,0.86,0.86,0.86,0.85
0.21,3500,10243.3870077729,100,0.05,0,0,0,0,0.43,0.41,0.41,0.42,0.43,0.43,0.43,0.43,0.42,0.41,0.43,0.44
0.23,3500,9725.53013560176,-100,0.32,0,0,0,0,0.83,0.83,0.83,0.84,0.86,0.87,0.87,0.85,0.84,0.83,0.83,0.83
0.18,3600,10278.0889210552,100,0.07,0.04,0.04,0,0,0.38,0.39,0.4,0.4,0.42,0.43,0.43,0.41,0.4,0.39,0.38,0.38
0.26,3600,9691.09902872145,-100,0.28,0,0,0,0,0.9,0.91,0.89,0.87,0.87,0.87,0.87,0.87,0.88,0.9,0.9,0.89
0.16,3700,10266.725918293,100,0.01,0.1,0.1,0,0,0.25,0.25,0.25,0.25,0.26,0.26,0.26,0.25,0.25,0.25,0.25,0.25
0.34,3700,9702.65230214596,-100,0.27,0,0,0,0,0.99,0.98,0.97,0.96,0.95,0.94,0.94,0.95,0.96,0.98,0.99,0.99
0.12,3800,10205.1166196615,100,0.06,0.02,0.02,0,0,0.32,0.32,0.31,0.31,0.31,0.32,0.31,0.31,0.31,0.32,0.32,0.32
0.29,3800,9764.05968891084,-100,0.26,0,0,0,0,0.96,0.92,0.87,0.83,0.8,0.79,0.79,0.81,0.85,0.9,0.95,0.97
0.3,3900,9869.56886784732,-100,0.24,0,0,0,0,0.9,0.85,0.82,0.79,0.78,0.78,0.78,0.78,0.81,0.84,0.88,0.91
0.16,3900,10099.415173173,100,0.02,0.14,0.14,0,0,0.06,0.07,0.08,0.09,0.1,0.1,0.1,0.1,0.09,0.07,0.06,0.06
0.18,4000,10016.1209054887,-100,0.38,0,0,0,0,0.97,0.95,0.93,0.91,0.89,0.89,0.89,0.9,0.92,0.94,0.96,0.98
0.21,4000,9952.88632705808,100,0.01,0.2,0.2,0,0,0.14,0.13,0.12,0.11,0.11,0.11,0.11,0.11,0.12,0.13,0.14,0.14
0.06,4100,10197.2252992094,-100,0.19,0,0,0,0,0.65,0.56,0.49,0.44,0.42,0.41,0.42,0.43,0.47,0.53,0.62,0.68
0.39,4100,9771.43745388091,100,0.12,0,0,0,0,0.37,0.34,0.33,0.33,0.33,0.34,0.34,0.33,0.33,0.34,0.36,0.37
0.17,4200,10351.0852120668,-100,0.06,0,0,0,0,0.3,0.23,0.19,0.17,0.17,0.17,0.17,0.17,0.18,0.22,0.28,0.33
0.36,4200,9617.50577661395,100,0.15,0,0,0,0,0.7,0.65,0.61,0.58,0.57,0.57,0.57,0.58,0.59,0.63,0.68,0.71
0.08,4300,10498.1898764819,-100,0.17,0.26,0.26,0,0,0.7,0.62,0.55,0.5,0.47,0.46,0.46,0.48,0.53,0.59,0.67,0.72
0.34,4300,9471.19365522265,100,0.06,0,0,0,0,0.86,0.76,0.67,0.6,0.57,0.56,0.57,0.59,0.64,0.72,0.83,0.89
0.04,4400,10624.8828727156,-100,0.05,0,0,0,0,0.33,0.27,0.24,0.21,0.2,0.19,0.19,0.2,0.22,0.26,0.31,0.35
0.35,4400,9345.17929895222,100,0.05,0,0,0,0,0.55,0.52,0.5,0.47,0.46,0.46,0.46,0.47,0.49,0.51,0.54,0.57
0.13,4500,10723.2572719604,-100,0.01,0,0,0,0,0.3,0.28,0.27,0.25,0.24,0.24,0.24,0.25,0.26,0.28,0.3,0.31
0.21,4500,9246.522146523,100,0.01,0,0,0,0,0.12,0.12,0.11,0.11,0.1,0.1,0.1,0.1,0.11,0.11,0.12,0.12
0.01,4600,10787.282093972,-100,0.01,0,0,0,0,0.32,0.23,0.17,0.12,0.09,0.07,0.08,0.1,0.14,0.21,0.29,0.35
0.2,4600,9180.8695564419,100,0.05,0,0,0,0,0,0,0,0,0,0,0,0,0,0,0,0
0,4700,10874.9190939218,-100,0,0,0,0,0,0,0,0,0,0,0,0,0,0,0,0,0.01
0.24,4700,9089.41173520684,100,0.01,0,0,0,0,0,0,0,0,0.01,0.01,0.01,0,0,0,0,0
0.26,4800,10833.827509746,-100,0.05,0,0,0,0,0.13,0.14,0.15,0.15,0.15,0.15,0.15,0.15,0.15,0.15,0.14,0.13
0.24,4800,9132.13025169075,100,0.13,0,0,0,0,0.48,0.49,0.5,0.5,0.51,0.52,0.52,0.5,0.5,0.49,0.48,0.48
0.11,4900,10763.0988567621,-100,0.1,0,0,0,0,0.6,0.54,0.48,0.45,0.43,0.42,0.43,0.44,0.47,0.51,0.58,0.62
0.4,4900,9205.70695903152,100,0.08,0,0,0,0,0.58,0.47,0.39,0.34,0.31,0.3,0.31,0.33,0.37,0.44,0.54,0.62
0.05,5000,10691.1519411951,-100,0.18,0,0,0,0,0.47,0.48,0.49,0.52,0.54,0.55,0.54,0.53,0.5,0.48,0.47,0.46
0.41,5000,9278.99634255469,100,0.11,0,0,0,0,0.37,0.37,0.36,0.34,0.33,0.33,0.33,0.34,0.35,0.36,0.37,0.37
0.04,5100,10595.6204519197,-100,0.13,0,0,0,0,0.69,0.62,0.56,0.51,0.48,0.46,0.47,0.5,0.54,0.59,0.67,0.71
0.33,5100,9374.28473126143,100,0.14,0,0,0,0,0.64,0.58,0.54,0.5,0.48,0.47,0.48,0.49,0.52,0.57,0.62,0.66
0.14,5200,9481.36519221961,100,0.2,0,0,0,0,0.81,0.81,0.8,0.78,0.76,0.76,0.76,0.77,0.79,0.81,0.81,0.81
0.17,5200,10487.6842265949,-100,0.08,0,0,0,0,0.62,0.59,0.56,0.55,0.54,0.54,0.54,0.54,0.55,0.58,0.61,0.64
0.11,5300,9584.75968898833,100,0.22,0,0,0,0,0.95,0.91,0.88,0.86,0.85,0.85,0.85,0.86,0.87,0.9,0.93,0.97
0.31,5300,10383.6613880619,-100,0.06,0.04,0.04,0,0,0.57,0.54,0.52,0.49,0.47,0.46,0.47,0.48,0.51,0.53,0.56,0.57
0.08,5400,9666.31172855198,100,0.23,0,0,0,0,0.89,0.84,0.81,0.78,0.77,0.77,0.77,0.77,0.79,0.83,0.87,0.9
0.04,5400,10302.1145826839,-100,0,0.01,0.01,0,0,0.15,0.11,0.08,0.06,0.06,0.05,0.05,0.06,0.07,0.1,0.14,0.16
0.07,5500,9787.81584600732,100,0.26,0,0,0,0,0.95,0.9,0.83,0.78,0.75,0.74,0.74,0.77,0.81,0.87,0.93,0.96
0.21,5500,10181.3548913188,-100,0.2,0,0,0,0,0.72,0.71,0.68,0.65,0.64,0.64,0.64,0.65,0.67,0.7,0.72,0.72
0.12,5600,9858.28903992474,100,0,0,0,0,0,0.36,0.3,0.27,0.25,0.25,0.24,0.24,0.25,0.26,0.29,0.34,0.38
0.29,5600,10110.8925212212,-100,0.06,0,0,0,0,0.55,0.48,0.47,0.48,0.49,0.5,0.49,0.48,0.47,0.48,0.53,0.58
0.23,5700,9926.91691605747,100,0.01,0,0,0,0,0.43,0.4,0.37,0.36,0.35,0.35,0.35,0.36,0.37,0.39,0.42,0.44
0.34,5700,10042.2073131502,-100,0.29,0,0,0,0,1,1,1,1,1,1,1,1,1,1,1,1
0.26,5800,10000.9756882377,100,0.02,0,0,0,0,0.01,0.01,0.01,0.01,0.02,0.03,0.03,0.02,0.01,0.01,0.01,0.01
0.46,5800,9968.13530810177,-100,0.17,0,0,0,0,0.88,0.87,0.86,0.85,0.85,0.84,0.85,0.85,0.86,0.86,0.88,0.89
0.47,5900,10084.0987391584,100,0.08,0,0,0,0,0.82,0.76,0.69,0.64,0.61,0.6,0.61,0.63,0.67,0.73,0.8,0.83
0.4,5900,9885.07568801939,-100,0.09,0,0,0,0,0.5,0.44,0.38,0.33,0.31,0.3,0.31,0.32,0.35,0.41,0.48,0.53
0.46,6000,10175.9496515878,100,0.17,0,0,0,0,0.79,0.72,0.68,0.66,0.65,0.66,0.66,0.65,0.67,0.7,0.77,0.81
0.3,6000,9793.29534240812,-100,0.23,0,0,0,0,0.69,0.68,0.69,0.69,0.69,0.7,0.7,0.69,0.69,0.68,0.69,0.69
0.3,6100,10273.3351489827,100,0.21,0,0,0,0,0.84,0.81,0.76,0.73,0.72,0.71,0.71,0.72,0.75,0.79,0.83,0.85
0.14,6100,9695.90097147226,-100,0.45,0,0,0,0,1,1,1,0.99,1,1,1,0.99,0.99,1,1,1
0.12,6200,10373.0182489529,100,0.44,0,0,0,0,1,1,1,1,1,1,1,1,1,1,1,1
0.13,6200,9596.03898342699,-100,0.46,0,0,0,0,1,1,1,1,1,1,1,1,1,1,1,1
0.12,6300,10503.5638842285,100,0.46,0,0,0,0,1,1,1,1,1,1,1,1,1,1,1,1
0.24,6300,9464.26962782443,-100,0.31,0,0,0,0,0.99,0.97,0.95,0.93,0.92,0.91,0.91,0.92,0.94,0.97,0.99,0.99
0.12,6400,10611.4715425298,100,0.46,0,0,0,0,1,1,1,1,1,1,1,1,1,1,1,1
0.25,6400,9355.61794099212,-100,0.3,0,0,0,0,0.9,0.88,0.86,0.84,0.84,0.84,0.84,0.84,0.85,0.87,0.89,0.9
0.34,6500,9264.71679893136,-100,0.2,0,0,0,0,0.52,0.52,0.51,0.52,0.53,0.53,0.53,0.52,0.51,0.52,0.52,0.52
0.12,6500,10703.0109224543,100,0.46,0,0,0,0,1,1,1,1,1,1,1,1,1,1,1,1
0.34,6600,9184.83624893427,-100,0.2,0,0,0,0,0.75,0.71,0.69,0.66,0.65,0.64,0.64,0.66,0.68,0.7,0.74,0.76
0.17,6600,10784.8823897094,100,0.41,0,0,0,0,1,1,0.98,0.96,0.95,0.95,0.95,0.95,0.97,0.99,1,1
0.18,6700,10818.0446516424,100,0.39,0,0,0,0,0.98,0.96,0.95,0.94,0.95,0.95,0.95,0.94,0.94,0.95,0.97,0.98
0.43,6700,9152.78250171244,-100,0.08,0,0,0,0,0.46,0.4,0.35,0.3,0.28,0.27,0.28,0.29,0.33,0.38,0.44,0.49
0.13,6800,10779.1394457817,100,0.45,0,0,0,0,1,1,1,1,1,1,1,1,1,1,1,1
0.36,6800,9189.81776146591,-100,0.18,0,0,0,0,0.66,0.62,0.59,0.57,0.56,0.55,0.55,0.56,0.58,0.61,0.65,0.68
0.12,6900,10718.2758086175,100,0.46,0,0,0,0,1,1,1,1,1,1,1,1,1,1,1,1
0.33,6900,9247.45263163745,-100,0.24,0,0,0,0,0.96,0.97,0.96,0.96,0.95,0.95,0.95,0.95,0.96,0.97,0.96,0.96
0.11,7000,10485.9857994914,100,0.39,0,0,0,0,0.98,0.95,0.91,0.88,0.86,0.85,0.85,0.87,0.9,0.93,0.97,0.99
0.4,7000,9482.52040371299,-100,0.16,0,0,0,0,0.91,0.91,0.92,0.91,0.91,0.91,0.91,0.91,0.91,0.91,0.91,0.91
0.04,7100,10302.8611701727,100,0.07,0,0,0,0,0.45,0.36,0.29,0.24,0.22,0.21,0.21,0.23,0.27,0.33,0.42,0.49
0.42,7100,9666.61095888913,-100,0.14,0,0,0,0,0.93,0.92,0.91,0.92,0.92,0.92,0.92,0.92,0.91,0.91,0.92,0.93
0.36,7200,9804.41710925102,-100,0.2,0,0,0,0,0.97,0.95,0.94,0.94,0.94,0.95,0.94,0.94,0.94,0.95,0.96,0.97
0.06,7200,10164.8523597568,100,0.01,0,0,0,0,0.23,0.22,0.22,0.22,0.23,0.23,0.23,0.22,0.22,0.22,0.23,0.24
0.2,7300,9916.36354355514,-100,0.22,0,0,0,0,0.77,0.76,0.72,0.69,0.68,0.67,0.67,0.68,0.71,0.75,0.77,0.78
0.1,7300,10052.7475326657,100,0.14,0,0,0,0,0.59,0.57,0.56,0.55,0.57,0.58,0.57,0.55,0.55,0.57,0.59,0.6
0.16,7400,10004.7210429162,-100,0.1,0,0,0,0,0.52,0.44,0.37,0.32,0.3,0.3,0.3,0.31,0.35,0.41,0.5,0.56
0.18,7400,9964.3911472559,100,0.34,0,0,0,0,0.81,0.78,0.74,0.71,0.71,0.72,0.71,0.71,0.73,0.77,0.8,0.82
0.15,7500,10069.2258463502,-100,0.06,0,0,0,0,0.42,0.35,0.3,0.27,0.26,0.25,0.25,0.27,0.29,0.33,0.4,0.45
0.23,7500,9899.91456435621,100,0.36,0,0,0,0,1,0.95,0.92,0.91,0.9,0.9,0.9,0.9,0.92,0.94,0.99,1
0.16,7600,10113.3020599782,-100,0.04,0,0,0,0,0.26,0.22,0.19,0.17,0.17,0.17,0.17,0.17,0.18,0.21,0.25,0.28
0.2,7600,9855.81104260683,100,0.26,0,0,0,0,0.79,0.74,0.73,0.73,0.73,0.73,0.73,0.73,0.73,0.73,0.77,0.81
0.16,7700,10154.5254015923,-100,0.14,0,0,0,0,0.64,0.58,0.54,0.51,0.51,0.5,0.5,0.51,0.52,0.56,0.62,0.67
0.35,7700,9814.41082330048,100,0.32,0,0,0,0,0.93,0.89,0.9,0.91,0.9,0.9,0.9,0.91,0.9,0.88,0.92,0.94
0.26,7800,10156.6858900487,-100,0.13,0,0,0,0,0.51,0.51,0.51,0.48,0.47,0.47,0.47,0.48,0.5,0.51,0.5,0.51
0.3,7800,9812.33687318861,100,0.34,0,0,0,0,0.92,0.91,0.91,0.93,0.95,0.95,0.95,0.94,0.92,0.9,0.91,0.92
0.49,7900,9797.80440591276,100,0.16,0,0,0,0,0.5,0.46,0.44,0.43,0.44,0.44,0.44,0.43,0.44,0.45,0.49,0.51
0.25,7900,10171.2533324063,-100,0.08,0,0,0,0,0.31,0.32,0.36,0.38,0.38,0.38,0.38,0.38,0.37,0.34,0.31,0.31
0.08,8000,10191.6539178491,-100,0.06,0,0,0,0,0.26,0.26,0.27,0.31,0.33,0.33,0.33,0.32,0.28,0.26,0.26,0.26
0.51,8000,9777.45473185182,100,0.14,0,0,0,0,0.24,0.24,0.25,0.27,0.3,0.31,0.31,0.29,0.25,0.24,0.24,0.24
0.11,8100,10217.5072958171,-100,0.09,0,0,0,0,0.38,0.38,0.38,0.38,0.39,0.39,0.39,0.38,0.39,0.38,0.38,0.38
0.44,8100,9751.7061342895,100,0.19,0,0,0,0,0.43,0.43,0.44,0.45,0.47,0.47,0.47,0.46,0.44,0.44,0.43,0.42
0.38,8200,9725.11470420659,100,0.29,0,0,0,0,0.59,0.6,0.6,0.63,0.65,0.66,0.65,0.64,0.61,0.6,0.59,0.59
0.18,8200,10244.1765217632,-100,0.14,0,0,0,0,0.55,0.55,0.57,0.57,0.56,0.56,0.56,0.56,0.57,0.56,0.55,0.55
0.48,8300,9703.95151515305,100,0.18,0,0,0,0,0.66,0.65,0.64,0.65,0.66,0.67,0.66,0.65,0.64,0.65,0.66,0.66
0.14,8300,10265.295041278,-100,0.1,0,0,0,0,0.52,0.49,0.46,0.45,0.45,0.44,0.44,0.45,0.46,0.47,0.51,0.52
0.29,8400,10286.0062124431,-100,0.14,0,0,0,0,0.63,0.6,0.58,0.58,0.57,0.57,0.57,0.57,0.58,0.59,0.62,0.64
0.47,8400,9682.89292006195,100,0.2,0,0,0,0,0.97,0.97,0.95,0.93,0.92,0.91,0.91,0.92,0.95,0.96,0.97,0.98
0.33,8500,10319.8768800497,-100,0.15,0,0,0,0,0.7,0.65,0.62,0.61,0.6,0.6,0.6,0.6,0.61,0.63,0.69,0.71
0.46,8500,9648.64828716218,100,0.27,0.02,0.02,0,0,0.99,0.98,0.96,0.95,0.94,0.94,0.94,0.94,0.96,0.97,0.99,0.99
0.29,8600,10269.5401304364,-100,0.17,0,0,0,0,0.74,0.7,0.7,0.7,0.7,0.7,0.7,0.7,0.7,0.7,0.72,0.75
0.21,8600,9699.98397873342,100,0.4,0,0,0,0,1,1,1,1,1,1,1,1,1,1,1,1
0.25,8700,10478.9344585687,-100,0.26,0,0,0,0,0.74,0.76,0.79,0.8,0.82,0.82,0.82,0.81,0.79,0.77,0.75,0.74
0.16,8700,9490.09604482353,100,0.38,0.01,0.01,0,0,1,1,1,1,1,1,1,1,1,1,1,1
0.28,8800,9998.24161051959,-100,0.26,0,0,0,0,0.69,0.72,0.74,0.76,0.77,0.78,0.77,0.76,0.75,0.73,0.7,0.68
0.1,8800,9970.58857513964,100,0.38,0.05,0.05,0,0,0.98,0.98,0.98,0.98,0.99,0.99,0.99,0.98,0.98,0.98,0.98,0.98
0,200,10033.7894770205,-200,0,0,0,0,0,0,0,0,0,0,0,0,0,0,0,0,0
0.03,200,9935.32033602893,200,0.01,0,0,0,0,0.24,0.16,0.11,0.07,0.05,0.04,0.04,0.06,0.09,0.14,0.21,0.27
0,300,10086.4234939516,-200,0,0,0,0,0,0,0,0,0,0,0,0,0,0,0,0,0
0.08,300,9882.6844098717,200,0.05,0,0,0,0,0.46,0.38,0.31,0.25,0.22,0.21,0.21,0.24,0.28,0.35,0.43,0.49
0,400,10132.9518039674,-200,0,0,0,0,0,0,0,0,0,0,0,0,0,0,0,0,0
0.11,400,9836.12924724817,200,0.09,0,0,0,0,0.51,0.42,0.35,0.3,0.27,0.26,0.26,0.29,0.33,0.39,0.48,0.53
0,500,10174.8018328249,-200,0,0,0,0,0,0,0,0,0,0,0,0,0,0,0,0,0
0.14,500,9794.25793915987,200,0.12,0,0,0,0,0.68,0.6,0.53,0.46,0.43,0.41,0.42,0.45,0.5,0.57,0.66,0.71
0,600,10215.8436064124,-200,0,0,0,0,0,0,0,0,0,0,0,0,0,0,0,0,0
0.09,600,9753.21247129142,200,0.24,0,0,0,0,0.85,0.77,0.7,0.64,0.61,0.59,0.6,0.63,0.68,0.74,0.82,0.88
0,700,10262.1842414439,-200,0,0,0,0,0,0,0,0,0,0,0,0,0,0,0,0,0
0.16,700,9706.86480528116,200,0.13,0,0,0,0,0.72,0.63,0.56,0.5,0.45,0.43,0.44,0.48,0.54,0.61,0.69,0.74
0,800,10305.5381615609,-200,0,0,0,0,0,0,0,0,0,0,0,0,0,0,0,0,0
0.18,800,9663.5168774128,200,0.08,0,0,0,0,0.61,0.53,0.44,0.36,0.31,0.3,0.3,0.33,0.41,0.5,0.59,0.64
0,900,10340.2200702876,-200,0,0,0,0,0,0,0,0,0,0,0,0,0,0,0,0,0
0.15,900,9628.86003696918,200,0.04,0,0,0,0,0.43,0.34,0.27,0.22,0.19,0.17,0.18,0.2,0.25,0.31,0.4,0.45
0,1000,10364.0405463576,-200,0,0,0,0,0,0,0,0,0,0,0,0,0,0,0,0,0
0.12,1000,9605.0832105279,200,0.02,0,0,0,0,0.27,0.2,0.15,0.11,0.08,0.07,0.07,0.09,0.13,0.18,0.25,0.3
0,1100,10377.6461981535,-200,0,0,0,0,0,0,0,0,0,0,0,0,0,0,0,0,0
0.05,1100,9591.52511762083,200,0.02,0,0,0,0,0.3,0.22,0.15,0.09,0.07,0.06,0.06,0.08,0.12,0.19,0.27,0.33
0,1200,10384.4535270631,-200,0,0,0,0,0,0,0,0,0,0,0,0,0,0,0,0,0
0,1200,9584.72101001441,200,0,0,0,0,0,0.16,0.08,0.01,0,0,0,0,0,0,0.05,0.13,0.19
0,1300,10384.5389034599,-200,0,0,0,0,0,0,0,0,0,0,0,0,0,0,0,0,0
0,1300,9584.60826335847,200,0,0,0,0,0,0.02,0,0,0,0,0,0,0,0,0,0.01,0.03
0,1400,10380.080706954,-200,0,0,0,0,0,0,0,0,0,0,0,0,0,0,0,0,0
0.01,1400,9589.00863465667,200,0,0,0,0,0,0,0,0,0,0,0,0,0,0,0,0,0
0,1500,10368.5687636882,-200,0,0,0,0,0,0,0,0,0,0,0,0,0,0,0,0,0
0.08,1500,9600.45504879951,200,0,0,0,0,0,0,0,0,0,0,0,0,0,0,0,0,0
0,1600,10372.6496026218,-200,0.01,0,0,0,0,0.01,0.01,0.01,0.01,0.04,0.05,0.04,0.02,0.01,0.01,0.01,0.01
0.16,1600,9596.2495842725,200,0.01,0,0,0,0,0.15,0.09,0.04,0,0,0,0,0,0.02,0.06,0.13,0.18
0.01,1700,10322.0794176012,-200,0.04,0,0,0,0,0.06,0.06,0.06,0.06,0.09,0.11,0.1,0.08,0.06,0.06,0.06,0.06
0.21,1700,9646.93483039737,200,0.06,0,0,0,0,0.42,0.35,0.29,0.24,0.21,0.2,0.21,0.23,0.27,0.33,0.4,0.45
0.02,1800,10275.5602615327,-200,0.06,0,0,0,0,0.11,0.11,0.11,0.11,0.14,0.15,0.15,0.12,0.11,0.11,0.11,0.11
0.14,1800,9693.54995638132,200,0.26,0,0,0,0,0.81,0.73,0.66,0.61,0.58,0.57,0.57,0.59,0.64,0.7,0.79,0.84
0.03,1900,10242.4067352712,-200,0.11,0,0,0,0,0.21,0.21,0.21,0.21,0.23,0.25,0.24,0.21,0.21,0.21,0.21,0.21
0.21,1900,9726.7298617214,200,0.25,0,0,0,0,0.71,0.64,0.59,0.55,0.52,0.51,0.52,0.53,0.57,0.62,0.69,0.74
0.05,2000,10219.7859499753,-200,0.19,0,0,0,0,0.37,0.37,0.37,0.37,0.39,0.41,0.4,0.38,0.37,0.37,0.37,0.37
0.26,2000,9749.35736684501,200,0.21,0,0,0,0,0.65,0.58,0.54,0.51,0.5,0.5,0.5,0.5,0.52,0.56,0.62,0.67
0.07,2100,10212.5955239236,-200,0.23,0,0,0,0,0.49,0.49,0.49,0.5,0.53,0.54,0.54,0.51,0.49,0.49,0.49,0.49
0.36,2100,9756.54315963387,200,0.13,0,0,0,0,0.54,0.46,0.39,0.35,0.32,0.31,0.31,0.33,0.37,0.43,0.51,0.57
0.07,2200,10218.099094823,-200,0.24,0,0,0,0,0.63,0.63,0.61,0.58,0.58,0.58,0.58,0.58,0.6,0.63,0.63,0.63
0.39,2200,9751.02058008313,200,0.11,0,0,0,0,0.55,0.47,0.4,0.34,0.31,0.29,0.3,0.33,0.37,0.44,0.52,0.58
0.11,2300,10235.4438747466,-200,0.36,0,0,0,0,0.88,0.88,0.87,0.85,0.85,0.86,0.85,0.84,0.86,0.88,0.88,0.88
0.42,2300,9733.65881721675,200,0.06,0,0,0,0,0.4,0.32,0.26,0.21,0.18,0.16,0.17,0.19,0.24,0.3,0.37,0.42
0.15,2400,10262.0043276548,-200,0.35,0,0,0,0,1,0.99,0.91,0.83,0.81,0.81,0.8,0.82,0.88,0.96,1,1
0.3,2400,9707.05222527683,200,0.13,0,0,0,0,0.68,0.6,0.54,0.5,0.47,0.46,0.47,0.49,0.52,0.57,0.65,0.71
0.23,2500,10302.1025069058,-200,0.35,0,0,0,0,0.97,0.93,0.9,0.89,0.89,0.89,0.89,0.89,0.89,0.92,0.96,0.98
0.25,2500,9666.86114488542,200,0.14,0,0,0,0,0.95,0.87,0.79,0.75,0.72,0.71,0.71,0.73,0.77,0.84,0.93,0.97
0.3,2600,10292.5414754152,-200,0.19,0,0,0,0,0.99,0.98,0.96,0.95,0.94,0.94,0.94,0.95,0.96,0.97,0.99,0.99
0.24,2600,9676.51243704557,200,0.08,0,0,0,0,0.65,0.54,0.45,0.39,0.36,0.34,0.35,0.38,0.43,0.5,0.61,0.69
0.4,2700,10291.8558825552,-200,0.09,0,0,0,0,0.87,0.85,0.84,0.82,0.82,0.81,0.81,0.82,0.83,0.84,0.86,0.88
0.41,2700,9677.24526654184,200,0.13,0,0,0,0,0.7,0.65,0.59,0.56,0.56,0.56,0.56,0.56,0.58,0.62,0.69,0.72
0.27,2800,10275.4031634927,-200,0.21,0,0,0,0,0.73,0.74,0.74,0.74,0.73,0.73,0.73,0.74,0.74,0.74,0.73,0.73
0.37,2800,9693.73942942917,200,0.2,0,0,0,0,0.88,0.78,0.66,0.58,0.55,0.53,0.54,0.57,0.63,0.73,0.85,0.9
0.22,2900,10238.6111088246,-200,0.22,0,0,0,0,0.53,0.54,0.53,0.54,0.56,0.57,0.57,0.55,0.53,0.54,0.53,0.53
0.27,2900,9730.53944249451,200,0.28,0,0,0,0,0.89,0.86,0.82,0.79,0.78,0.78,0.78,0.79,0.81,0.85,0.88,0.9
0.26,3000,10175.5028489083,-200,0.08,0,0,0,0,0.27,0.24,0.23,0.23,0.24,0.24,0.24,0.23,0.22,0.24,0.26,0.27
0.42,3000,9793.61534832418,200,0.14,0,0,0,0,0.83,0.79,0.77,0.76,0.76,0.77,0.77,0.76,0.77,0.78,0.82,0.85
0.61,3100,9888.62953495979,200,0.03,0,0,0,0,0.82,0.79,0.76,0.74,0.74,0.73,0.73,0.74,0.75,0.78,0.81,0.83
0.24,3100,10080.4556156546,-200,0.01,0,0,0,0,0,0.01,0.01,0.02,0.04,0.05,0.05,0.03,0.01,0.01,0,0
0.46,3200,10016.87751697,200,0.02,0,0,0,0,0.07,0.06,0.06,0.06,0.06,0.06,0.06,0.06,0.06,0.06,0.07,0.07
0.18,3200,9952.22601690888,-200,0.02,0,0,0,0,0.04,0.05,0.05,0.06,0.07,0.07,0.07,0.06,0.06,0.05,0.04,0.04
0.12,3300,9786.26608046889,-200,0.02,0,0,0,0,0.03,0.04,0.05,0.07,0.08,0.09,0.09,0.08,0.06,0.04,0.03,0.03
0.45,3300,10182.8185542524,200,0.02,0,0,0,0,0,0,0,0,0,0,0,0,0,0,0,0
0.45,3400,10382.5833664834,200,0.02,0,0,0,0,0,0,0,0,0,0,0,0,0,0,0,0.01
0.07,3400,9586.25036810338,-200,0,0,0,0,0,0,0,0,0,0,0,0,0,0,0,0,0
0.45,3500,10502.3017608821,200,0.07,0,0,0,0,0.35,0.3,0.29,0.28,0.28,0.29,0.29,0.28,0.28,0.29,0.33,0.37
0.05,3500,9466.58801651001,-200,0,0,0,0,0,0,0,0,0,0,0.01,0.01,0,0,0,0,0
0.41,3600,10571.5622196943,200,0.1,0,0,0,0,0.78,0.71,0.65,0.6,0.56,0.55,0.55,0.58,0.63,0.69,0.76,0.8
0.08,3600,9397.58243496716,-200,0.01,0,0,0,0,0.02,0.02,0.02,0.03,0.03,0.03,0.03,0.03,0.02,0.02,0.02,0.02
0.44,3700,10548.7241446078,200,0.16,0,0,0,0,0.97,0.94,0.91,0.88,0.86,0.85,0.85,0.87,0.89,0.93,0.96,0.98
0.06,3700,9420.57663320005,-200,0.06,0,0,0,0,0.15,0.16,0.16,0.18,0.19,0.2,0.2,0.18,0.17,0.16,0.15,0.14
0.44,3800,10425.6389629394,200,0.05,0,0,0,0,0.7,0.63,0.57,0.53,0.52,0.52,0.52,0.53,0.55,0.6,0.68,0.73
0.08,3800,9543.52538049221,-200,0.17,0,0,0,0,0.46,0.46,0.46,0.47,0.49,0.5,0.49,0.47,0.46,0.46,0.46,0.46
0.09,3900,9754.6452306509,-200,0.2,0,0,0,0,0.48,0.49,0.48,0.49,0.51,0.52,0.51,0.49,0.48,0.49,0.48,0.48
0.21,3900,10214.3378412575,200,0.04,0,0,0,0,0.41,0.36,0.31,0.28,0.27,0.26,0.27,0.28,0.3,0.34,0.39,0.43
0.12,4000,10047.7381118685,-200,0.08,0,0,0,0,0.21,0.21,0.21,0.21,0.22,0.22,0.22,0.21,0.21,0.21,0.21,0.2
0.45,4000,9921.2689550072,200,0.04,0,0,0,0,0.03,0.03,0.03,0.03,0.04,0.05,0.04,0.04,0.03,0.03,0.03,0.03
0.1,4100,10410.1137347966,-200,0.02,0,0,0,0,0.02,0.03,0.03,0.03,0.04,0.04,0.04,0.03,0.03,0.03,0.02,0.02
0.45,4100,9558.53804413974,200,0.06,0,0,0,0,0.23,0.2,0.18,0.16,0.15,0.15,0.15,0.16,0.17,0.19,0.22,0.24
0.03,4200,10717.8448262364,-200,0.11,0,0,0,0,0.39,0.34,0.29,0.25,0.23,0.23,0.23,0.23,0.27,0.32,0.37,0.4
0.26,4200,9250.68595533073,200,0.03,0,0,0,0,0.31,0.24,0.18,0.15,0.13,0.12,0.12,0.14,0.17,0.21,0.28,0.34
0.07,4300,11011.5530712306,-200,0.15,0,0,0,0,0.6,0.52,0.46,0.42,0.41,0.42,0.42,0.42,0.44,0.49,0.57,0.64
0,4300,8957.61010229588,200,0,0,0,0,0,0.01,0,0,0,0,0,0,0,0,0,0.01,0.02
0.39,4400,11264.3266757876,-200,0.14,0,0,0,0,0.68,0.66,0.63,0.62,0.62,0.62,0.62,0.62,0.63,0.65,0.67,0.69
0,4400,8704.87005479634,200,0,0,0,0,0,0.2,0.13,0.08,0.04,0.02,0.02,0.02,0.03,0.06,0.11,0.18,0.23
0.44,4500,11461.23060368,-200,0.26,0,0,0,0,1,1,1,1,1,1,1,1,1,1,1,1
0.02,4500,8507.76035284996,200,0,0,0,0,0,0.11,0.07,0.04,0.03,0.02,0.02,0.02,0.02,0.03,0.06,0.1,0.13
0.37,4600,11590.0089815855,-200,0.21,0,0,0,0,1,1,0.99,0.99,0.98,0.98,0.98,0.98,0.99,1,1,1
0.01,4600,8377.18390651047,200,0,0,0,0,0,0,0,0,0,0,0,0,0,0,0,0,0
0.08,4700,11767.1534325629,-200,0.08,0,0,0,0,0.59,0.53,0.47,0.43,0.4,0.39,0.4,0.42,0.45,0.5,0.57,0.62
0.04,4700,8196.13871520758,200,0,0,0,0,0,0,0,0,0,0,0,0,0,0,0,0,0
0.2,4800,11684.1700256765,-200,0.23,0,0,0,0,0.58,0.57,0.56,0.56,0.57,0.57,0.57,0.56,0.56,0.57,0.58,0.59
0.2,4800,8280.77550958097,200,0.1,0,0,0,0,0.59,0.57,0.56,0.54,0.53,0.53,0.53,0.53,0.55,0.57,0.58,0.59
0.08,4900,11541.3506084308,-200,0.23,0,0,0,0,0.92,0.87,0.81,0.77,0.74,0.72,0.73,0.76,0.79,0.85,0.9,0.94
0.41,4900,8426.56681296974,200,0.15,0,0,0,0,0.72,0.71,0.7,0.68,0.67,0.67,0.67,0.67,0.69,0.71,0.72,0.73
0.16,5000,11396.8068540692,-200,0.21,0,0,0,0,0.78,0.74,0.71,0.69,0.68,0.67,0.67,0.69,0.7,0.73,0.77,0.79
0.4,5000,8572.56846859306,200,0.17,0,0,0,0,0.56,0.55,0.54,0.55,0.56,0.56,0.56,0.56,0.55,0.55,0.56,0.56
0.34,5100,11205.960801281,-200,0.21,0,0,0,0,0.75,0.73,0.71,0.7,0.7,0.7,0.7,0.7,0.7,0.72,0.74,0.76
0.46,5100,8763.21654810756,200,0.04,0,0,0,0,0.18,0.16,0.14,0.12,0.1,0.1,0.1,0.11,0.13,0.15,0.17,0.19
0.43,5200,8978.1196282357,200,0.08,0,0,0,0,0.25,0.25,0.25,0.24,0.24,0.23,0.23,0.24,0.24,0.25,0.25,0.25
0.16,5200,10990.7576969787,-200,0.27,0.06,0.06,0,0,0.9,0.85,0.8,0.75,0.72,0.71,0.72,0.74,0.78,0.83,0.88,0.91
0.4,5300,9185.26548925042,200,0.1,0,0,0,0,0.5,0.42,0.36,0.31,0.28,0.27,0.27,0.3,0.34,0.4,0.47,0.52
0.04,5300,10783.0688874274,-200,0,0.32,0.32,0,0,0.08,0.05,0.03,0.02,0.01,0.01,0.01,0.02,0.02,0.04,0.07,0.09
0.22,5400,9348.39036347717,200,0.16,0,0,0,0,0.48,0.48,0.48,0.47,0.46,0.46,0.46,0.47,0.48,0.48,0.48,0.48
0.16,5400,10619.9960716181,-200,0.09,0,0,0,0,0.27,0.27,0.28,0.28,0.29,0.3,0.3,0.29,0.28,0.28,0.27,0.28
0.05,5500,9591.03803311288,200,0.2,0,0,0,0,0.56,0.49,0.46,0.47,0.48,0.49,0.49,0.48,0.46,0.48,0.54,0.58
0.3,5500,10378.1161237657,-200,0.2,0,0,0,0,0.91,0.87,0.83,0.78,0.76,0.75,0.75,0.77,0.81,0.85,0.9,0.93
0.03,5600,9731.98442643508,200,0.13,0,0,0,0,0.58,0.5,0.44,0.39,0.36,0.35,0.35,0.38,0.42,0.48,0.55,0.6
0.42,5600,10237.1913890615,-200,0.08,0,0,0,0,0.88,0.86,0.85,0.85,0.84,0.85,0.84,0.85,0.85,0.85,0.87,0.89
0.09,5700,9869.27109437808,200,0,0,0,0,0,0.23,0.22,0.22,0.21,0.21,0.21,0.21,0.21,0.21,0.22,0.23,0.23
0.29,5700,10099.8518885225,-200,0.25,0,0,0,0,0.97,0.93,0.9,0.86,0.83,0.81,0.82,0.84,0.88,0.92,0.96,0.98
0.09,5800,10017.3957814164,200,0.01,0.06,0.06,0,0,0,0,0,0,0,0,0,0,0,0,0,0
0.37,5800,9951.71502124518,-200,0.13,0,0,0,0,0.56,0.51,0.47,0.42,0.4,0.39,0.39,0.41,0.45,0.49,0.54,0.58
0.28,5900,10183.6082523987,200,0.05,0.18,0.18,0,0,0.24,0.23,0.22,0.21,0.21,0.21,0.21,0.21,0.21,0.22,0.24,0.24
0.39,5900,9785.56215014309,-200,0.11,0,0,0,0,0.35,0.33,0.31,0.3,0.3,0.3,0.3,0.3,0.3,0.32,0.34,0.37
0.26,6000,10367.2667055242,200,0.27,0,0,0,0,0.9,0.87,0.85,0.85,0.85,0.85,0.85,0.85,0.85,0.87,0.89,0.91
0.27,6000,9601.95808721334,-200,0.28,0,0,0,0,0.77,0.76,0.75,0.75,0.75,0.75,0.75,0.75,0.75,0.75,0.76,0.77
0.09,6100,10562.0219505727,200,0.3,0,0,0,0,0.97,0.92,0.88,0.84,0.82,0.81,0.82,0.83,0.86,0.9,0.96,0.98
0.13,6100,9407.1535955742,-200,0.46,0,0,0,0,1,1,1,1,1,1,1,1,1,1,1,1
0.09,6200,10761.4397523105,200,0.31,0,0,0,0,0.89,0.89,0.88,0.88,0.88,0.88,0.88,0.88,0.88,0.89,0.89,0.89
0.13,6200,9207.48122119159,-200,0.46,0,0,0,0,1,1,1,1,1,1,1,1,1,1,1,1
0.13,6300,11023.0839396939,200,0.46,0,0,0,0,1,1,1,1,1,1,1,1,1,1,1,1
0.23,6300,8944.49542686343,-200,0.33,0,0,0,0,0.97,0.96,0.94,0.9,0.89,0.88,0.88,0.9,0.92,0.95,0.97,0.98
0.12,6400,11239.1910488605,200,0.46,0,0,0,0,1,1,1,1,1,1,1,1,1,1,1,1
0.34,6400,8727.48384580016,-200,0.2,0,0,0,0,0.85,0.78,0.71,0.66,0.64,0.63,0.63,0.65,0.68,0.75,0.83,0.87
0.43,6500,8545.26689592749,-200,0.08,0,0,0,0,0.36,0.29,0.23,0.19,0.16,0.15,0.15,0.17,0.21,0.27,0.34,0.39
0.12,6500,11421.8551429063,200,0.46,0,0,0,0,1,1,1,1,1,1,1,1,1,1,1,1
0.36,6600,8384.41606857628,-200,0.19,0,0,0,0,0.38,0.4,0.42,0.45,0.47,0.48,0.47,0.45,0.43,0.41,0.38,0.37
0.12,6600,11584.4792058468,200,0.46,0,0,0,0,1,1,1,1,1,1,1,1,1,1,1,1
0.13,6700,11649.8022456169,200,0.46,0,0,0,0,1,1,1,1,1,1,1,1,1,1,1,1
0.22,6700,8319.2488014698,-200,0.39,0,0,0,0,0.89,0.91,0.92,0.93,0.94,0.94,0.94,0.94,0.92,0.91,0.9,0.89
0.13,6800,11573.4455476999,200,0.46,0,0,0,0,1,1,1,1,1,1,1,1,1,1,1,1
0.28,6800,8394.80217902362,-200,0.31,0,0,0,0,0.92,0.91,0.89,0.88,0.87,0.87,0.87,0.88,0.88,0.9,0.92,0.92
0.08,6900,11453.4625257552,200,0.3,0,0,0,0,0.89,0.83,0.77,0.72,0.7,0.69,0.69,0.71,0.75,0.81,0.87,0.9
0.47,6900,8511.81617182493,-200,0.09,0,0,0,0,0.95,0.95,0.93,0.9,0.88,0.88,0.88,0.89,0.91,0.94,0.95,0.95
0.04,7000,10987.6068606377,200,0.02,0,0,0,0,0.21,0.14,0.09,0.06,0.05,0.05,0.05,0.06,0.08,0.12,0.18,0.23
0.48,7000,8980.67606909573,-200,0.09,0,0,0,0,1,1,1,1,1,1,1,1,1,1,1,1
0.15,7100,10620.9441036582,200,0,0,0,0,0,0,0,0,0,0,0,0,0,0,0,0,0
0.48,7100,9348.44368104637,-200,0.09,0,0,0,0,1,1,1,1,1,1,1,1,1,1,1,1
0.48,7200,9624.1883687526,-200,0.09,0,0,0,0,1,1,1,1,1,1,1,1,1,1,1,1
0.24,7200,10345.0588698089,200,0.07,0,0,0,0,0.56,0.55,0.53,0.52,0.52,0.53,0.52,0.52,0.53,0.54,0.56,0.55
0.15,7300,9848.17003363371,-200,0.02,0,0,0,0,0.35,0.33,0.32,0.31,0.3,0.3,0.3,0.31,0.32,0.33,0.34,0.35
0.21,7300,10120.9380119145,200,0.36,0,0,0,0,0.95,0.9,0.87,0.86,0.86,0.86,0.86,0.86,0.87,0.89,0.94,0.97
0.44,7400,10024.8858862519,-200,0,0,0,0,0,0,0,0,0,0,0,0,0,0,0,0,0
0.35,7400,9944.22609502077,200,0.34,0,0,0,0,0.99,0.96,0.93,0.89,0.88,0.87,0.87,0.89,0.91,0.95,0.98,0.99
0.44,7500,10153.8805663884,-200,0,0,0,0,0,0,0,0,0,0.01,0.01,0.01,0,0,0,0,0
0.14,7500,9815.25800231099,200,0.12,0,0,0,0,0.64,0.56,0.49,0.44,0.41,0.39,0.4,0.43,0.47,0.53,0.62,0.67
0.43,7600,10242.045263648,-200,0,0,0,0,0,0,0,0,0,0,0,0,0,0,0,0,0
0.03,7600,9727.0632289499,200,0.02,0,0,0,0,0.37,0.3,0.24,0.19,0.16,0.15,0.16,0.18,0.22,0.28,0.35,0.4
0.35,7700,10324.5791998357,-200,0,0,0,0,0,0,0,0,0,0,0,0,0,0,0,0,0
0.08,7700,9644.35004326701,200,0.02,0,0,0,0,0.35,0.28,0.22,0.18,0.15,0.13,0.14,0.16,0.2,0.26,0.33,0.38
0.27,7800,10328.8558312207,-200,0,0,0,0,0,0,0,0,0,0,0,0,0,0,0,0,0
0.13,7800,9640.15779738128,200,0.07,0,0,0,0,0.44,0.37,0.31,0.26,0.23,0.22,0.23,0.25,0.29,0.35,0.42,0.47
0.16,7900,9611.07419027388,200,0.03,0,0,0,0,0.36,0.28,0.22,0.17,0.13,0.12,0.13,0.15,0.2,0.26,0.34,0.39
0.14,7900,10357.9720432907,-200,0,0,0,0,0,0,0,0,0,0,0,0,0,0,0,0,0
0,8000,10398.7459042817,-200,0,0,0,0,0,0,0,0,0,0,0,0,0,0,0,0,0
0.17,8000,9570.34753222764,200,0,0,0,0,0,0.31,0.23,0.17,0.12,0.09,0.08,0.08,0.11,0.15,0.21,0.28,0.33
0,8100,10450.3944539875,-200,0,0,0,0,0,0,0,0,0,0,0,0,0,0,0,0,0
0.09,8100,9518.79504999518,200,0.09,0,0,0,0,0.54,0.48,0.42,0.37,0.34,0.33,0.34,0.36,0.39,0.45,0.52,0.56
0.09,8200,9465.55121156573,200,0.08,0,0,0,0,0.53,0.45,0.39,0.34,0.31,0.3,0.3,0.33,0.37,0.43,0.5,0.55
0,8200,10503.677765727,-200,0,0,0,0,0,0,0,0,0,0,0,0,0,0,0,0,0
0.1,8300,9423.25919637084,200,0.07,0,0,0,0,0.53,0.47,0.42,0.37,0.34,0.33,0.34,0.36,0.4,0.45,0.51,0.56
0,8300,10545.9462486655,-200,0,0,0,0,0,0,0,0,0,0,0,0,0,0,0,0,0
0.3,8400,10587.5424226522,-200,0.01,0,0,0,0,0,0,0,0,0,0,0,0,0,0,0,0
0.19,8400,9381.31583790481,200,0.13,0,0,0,0,0.7,0.65,0.6,0.57,0.54,0.53,0.54,0.55,0.59,0.63,0.68,0.72
0.48,8500,10655.4731013179,-200,0.02,0,0,0,0,0,0,0,0,0,0,0,0,0,0,0,0
0.21,8500,9313.01591555774,200,0.15,0,0,0,0,0.77,0.7,0.64,0.59,0.56,0.55,0.55,0.58,0.62,0.67,0.75,0.8
0.48,8600,10554.2924877703,-200,0.02,0,0,0,0,0,0,0,0,0,0,0,0,0,0,0,0
0.07,8600,9415.18018436432,200,0.16,0,0,0,0,0.7,0.63,0.57,0.52,0.49,0.48,0.49,0.51,0.55,0.6,0.67,0.72
0.42,8700,10973.2589874268,-200,0.11,0,0,0,0,0,0,0,0,0,0,0,0,0,0,0,0
0.05,8700,8995.58215986192,200,0.19,0,0,0,0,0.77,0.71,0.66,0.63,0.61,0.6,0.61,0.62,0.65,0.69,0.75,0.78
0.48,8800,10012.0681282356,-200,0.02,0,0,0,0,0,0,0,0,0,0,0,0,0,0,0,0
0.12,8800,9956.76205744594,200,0.39,0,0,0,0,1,0.99,0.99,0.99,0.98,0.98,0.98,0.98,0.99,0.99,1,1
0,200,10058.4067141414,-300,0,0,0,0,0,0,0,0,0,0,0,0,0,0,0,0,0
0,200,9910.70300264657,300,0,0,0,0,0,0,0,0,0,0,0,0,0,0,0,0,0
0,300,10137.3581266552,-300,0,0,0,0,0,0,0,0,0,0,0,0,0,0,0,0,0
0,300,9831.74950055778,300,0,0,0,0,0,0,0,0,0,0,0,0,0,0,0,0,0
0,400,10207.1570962071,-300,0,0,0,0,0,0,0,0,0,0,0,0,0,0,0,0,0
0,400,9761.92326110601,300,0,0,0,0,0,0,0,0,0,0,0,0,0,0,0,0,0
0,500,10269.9370370805,-300,0,0,0,0,0,0,0,0,0,0,0,0,0,0,0,0,0
0,500,9699.12119655311,300,0,0,0,0,0,0,0,0,0,0,0,0,0,0,0,0,0
0,600,10331.499877587,-300,0,0,0,0,0,0,0,0,0,0,0,0,0,0,0,0,0
0,600,9637.55317494273,300,0,0,0,0,0,0,0,0,0,0,0,0,0,0,0,0,0
0,700,10401.0114775747,-300,0,0,0,0,0,0,0,0,0,0,0,0,0,0,0,0,0
0,700,9568.03232336044,300,0,0,0,0,0,0,0,0,0,0,0,0,0,0,0,0,0
0,800,10466.0394429415,-300,0,0,0,0,0,0,0,0,0,0,0,0,0,0,0,0,0
0,800,9503.00751678646,300,0,0,0,0,0,0,0,0,0,0,0,0,0,0,0,0,0
0,900,10518.054611057,-300,0,0,0,0,0,0,0,0,0,0,0,0,0,0,0,0,0
0,900,9451.01456105709,300,0,0,0,0,0,0,0,0,0,0,0,0,0,0,0,0,0
0,1000,10553.7732559741,-300,0,0,0,0,0,0,0,0,0,0,0,0,0,0,0,0,0
0,1000,9415.33725218475,300,0,0,0,0,0,0,0,0,0,0,0,0,0,0,0,0,0
0,1100,10574.1635495871,-300,0,0,0,0,0,0,0,0,0,0,0,0,0,0,0,0,0
0,1100,9394.98560988903,300,0,0,0,0,0,0,0,0,0,0,0,0,0,0,0,0,0
0,1200,10584.3766406626,-300,0,0,0,0,0,0,0,0,0,0,0,0,0,0,0,0,0
0,1200,9384.77418392897,300,0,0,0,0,0,0,0,0,0,0,0,0,0,0,0,0,0
0,1300,10584.5139939487,-300,0,0,0,0,0,0,0,0,0,0,0,0,0,0,0,0,0
0,1300,9384.61803378165,300,0,0,0,0,0,0,0,0,0,0,0,0,0,0,0,0,0
0,1400,10577.8414679468,-300,0,0,0,0,0,0,0,0,0,0,0,0,0,0,0,0,0
0,1400,9391.23335954547,300,0,0,0,0,0,0,0,0,0,0,0,0,0,0,0,0,0
0,1500,10560.5907043517,-300,0,0,0,0,0,0,0,0,0,0,0,0,0,0,0,0,0
0,1500,9408.42013204098,300,0,0,0,0,0,0,0,0,0,0,0,0,0,0,0,0,0
0,1600,10566.7440710813,-300,0,0,0,0,0,0,0,0,0,0,0,0,0,0,0,0,0
0,1600,9402.1440435648,300,0,0,0,0,0,0,0,0,0,0,0,0,0,0,0,0,0
0,1700,10490.8613418192,-300,0,0,0,0,0,0,0,0,0,0,0,0,0,0,0,0,0
0,1700,9478.14446097612,300,0,0,0,0,0,0,0,0,0,0,0,0,0,0,0,0,0
0,1800,10421.0597666353,-300,0,0,0,0,0,0,0,0,0,0,0,0,0,0,0,0,0
0,1800,9548.04430888593,300,0,0,0,0,0,0,0,0,0,0,0,0,0,0,0,0,0
0,1900,10371.3237736076,-300,0,0,0,0,0,0,0,0,0,0,0,0,0,0,0,0,0
0,1900,9597.80846332014,300,0,0,0,0,0,0,0,0,0,0,0,0,0,0,0,0,0
0,2000,10337.3904806823,-300,0,0,0,0,0,0,0,0,0,0,0,0,0,0,0,0,0
0,2000,9631.7472332567,300,0,0,0,0,0,0,0,0,0,0,0,0,0,0,0,0,0
0,2100,10326.6068569869,-300,0,0,0,0,0,0,0,0,0,0,0,0,0,0,0,0,0
0.02,2100,9642.52868331969,300,0,0,0,0,0,0,0,0,0,0,0,0,0,0,0,0,0
0,2200,10334.8671789169,-300,0,0,0,0,0,0,0,0,0,0,0,0,0,0,0,0,0
0.06,2200,9634.24940675497,300,0,0,0,0,0,0,0,0,0,0,0,0,0,0,0,0,0
0,2300,10360.8881655633,-300,0,0,0,0,0,0,0,0,0,0,0,0,0,0,0,0,0
0.1,2300,9608.21057927608,300,0,0,0,0,0,0,0,0,0,0,0,0,0,0,0,0,0
0.02,2400,10400.7398494631,-300,0.07,0,0,0,0,0.17,0.17,0.17,0.17,0.18,0.19,0.19,0.17,0.17,0.17,0.17,0.17
0.14,2400,9568.31169588864,300,0.01,0,0,0,0,0,0,0,0,0,0,0,0,0,0,0,0
0.22,2500,10460.9098049253,-300,0.18,0,0,0,0,0.63,0.62,0.6,0.58,0.57,0.57,0.57,0.58,0.6,0.61,0.62,0.64
0.17,2500,9508.04776182771,300,0.01,0,0,0,0,0.12,0.07,0.04,0.03,0.02,0.02,0.02,0.03,0.04,0.06,0.1,0.14
0.14,2600,10446.545309484,-300,0.01,0,0,0,0,0.05,0.05,0.05,0.05,0.05,0.06,0.05,0.05,0.05,0.05,0.05,0.05
0.19,2600,9522.50175192952,300,0.01,0,0,0,0,0.02,0.01,0.01,0.01,0,0,0,0.01,0.01,0.01,0.01,0.02
0.1,2700,10445.5050281286,-300,0.01,0,0,0,0,0.02,0.02,0.02,0.03,0.03,0.03,0.03,0.03,0.02,0.02,0.02,0.02
0.2,2700,9523.58910411596,300,0.01,0,0,0,0,0.24,0.16,0.09,0.04,0.02,0.01,0.01,0.03,0.07,0.13,0.21,0.27
0.01,2800,10420.8159123808,-300,0,0,0,0,0,0,0,0,0,0,0,0,0,0,0,0,0
0.21,2800,9548.3203112781,300,0.01,0,0,0,0,0.08,0.02,0,0,0,0,0,0,0,0.01,0.06,0.1
0,2900,10365.6263066679,-300,0,0,0,0,0,0,0,0,0,0,0,0,0,0,0,0,0
0.23,2900,9603.51769526303,300,0.01,0,0,0,0,0.18,0.14,0.12,0.1,0.09,0.08,0.08,0.09,0.11,0.13,0.16,0.19
0,3000,10270.9730917662,-300,0,0,0,0,0,0,0,0,0,0,0,0,0,0,0,0,0
0.26,3000,9698.14295263588,300,0.01,0,0,0,0,0.26,0.23,0.21,0.2,0.2,0.2,0.2,0.2,0.21,0.23,0.25,0.27
0.22,3100,9840.67298841476,300,0.01,0,0,0,0,0.08,0.07,0.06,0.05,0.05,0.05,0.05,0.05,0.06,0.07,0.08,0.09
0,3100,10128.4121093899,-300,0,0,0,0,0,0,0,0,0,0,0,0,0,0,0,0,0
0.2,3200,10033.0403594077,300,0.01,0,0,0,0,0.02,0.02,0.02,0.01,0.01,0.01,0.01,0.01,0.01,0.02,0.02,0.03
0,3200,9936.06310924888,-300,0,0,0,0,0,0,0,0,0,0,0,0,0,0,0,0,0
0,3300,9687.12685404718,-300,0,0,0,0,0,0,0,0,0,0,0,0,0,0,0,0,0
0.18,3300,10281.9555647522,300,0.01,0,0,0,0,0,0,0,0,0,0,0,0,0,0,0,0
0.18,3400,10581.6611243933,300,0.01,0,0,0,0,0,0,0,0,0,0,0,0,0,0,0,0
0,3400,9387.16162678599,-300,0,0,0,0,0,0,0,0,0,0,0,0,0,0,0,0,0
0.19,3500,10761.2165139616,300,0.05,0,0,0,0,0.51,0.46,0.41,0.38,0.35,0.34,0.35,0.37,0.4,0.44,0.49,0.52
0,3500,9207.64589740336,-300,0,0,0,0,0,0,0,0,0,0,0,0,0,0,0,0,0
0.2,3600,10865.0355182439,300,0.02,0,0,0,0,0.32,0.24,0.19,0.15,0.13,0.13,0.13,0.14,0.17,0.22,0.29,0.36
0,3600,9104.06584115326,-300,0,0,0,0,0,0,0,0,0,0,0,0,0,0,0,0,0
0.24,3700,10830.7317663729,300,0.01,0,0,0,0,0.11,0.06,0.02,0.01,0,0,0,0,0.02,0.04,0.09,0.14
0,3700,9138.50096429884,-300,0,0,0,0,0,0,0,0,0,0,0,0,0,0,0,0,0
0.24,3800,10646.151910767,300,0.04,0,0,0,0,0.47,0.44,0.42,0.41,0.4,0.39,0.4,0.4,0.42,0.43,0.46,0.48
0,3800,9322.99107205868,-300,0,0,0,0,0,0,0,0,0,0,0,0,0,0,0,0,0
0,3900,9639.72159336507,-300,0,0,0,0,0,0,0,0,0,0,0,0,0,0,0,0,0
0.33,3900,10329.2605093718,300,0.08,0,0,0,0,0.9,0.85,0.78,0.73,0.7,0.69,0.7,0.72,0.76,0.82,0.88,0.9
0,4000,10079.3553182334,-300,0,0,0,0,0,0,0,0,0,0,0,0,0,0,0,0,0
0.43,4000,9889.65158297122,300,0.1,0,0,0,0,0.9,0.9,0.9,0.9,0.89,0.88,0.88,0.89,0.9,0.9,0.9,0.9
0,4100,10623.0021704137,-300,0,0,0,0,0,0,0,0,0,0,0,0,0,0,0,0,0
0.45,4100,9345.63863444328,300,0.06,0,0,0,0,0.52,0.45,0.39,0.34,0.32,0.31,0.31,0.33,0.37,0.42,0.5,0.55
0,4200,11084.6044404209,-300,0,0,0,0,0,0,0,0,0,0,0,0,0,0,0,0,0
0.03,4200,8883.86613404751,300,0,0,0,0,0,0,0,0,0,0,0,0,0,0,0,0,0
0.01,4300,11524.8211330622,-300,0.15,0,0,0,0,0.31,0.31,0.29,0.27,0.28,0.29,0.29,0.27,0.28,0.3,0.31,0.31
0,4300,8444.02654932439,300,0,0,0,0,0,0,0,0,0,0,0,0,0,0,0,0,0
0.14,4400,11903.8656117618,-300,0.12,0,0,0,0,0.62,0.52,0.44,0.38,0.35,0.34,0.34,0.36,0.41,0.48,0.59,0.66
0,4400,8064.56081064045,300,0,0,0,0,0,0,0,0,0,0,0,0,0,0,0,0,0
0.34,4500,12199.2039353997,-300,0.24,0,0,0,0,0.88,0.88,0.88,0.88,0.87,0.88,0.88,0.88,0.88,0.88,0.88,0.88
0,4500,7768.99855910242,300,0,0,0,0,0,0,0,0,0,0,0,0,0,0,0,0,0
0.3,4600,12392.7358691543,-300,0.34,0,0,0,0,0.98,0.97,0.97,0.98,0.98,0.99,0.99,0.98,0.97,0.97,0.97,0.98
0,4600,7573.49825657904,300,0,0,0,0,0,0,0,0,0,0,0,0,0,0,0,0,0
0.32,4700,12659.3877712637,-300,0.34,0,0,0,0,1,1,1,0.99,0.99,0.99,0.99,0.99,1,1,1,1
0,4700,7302.86569523811,300,0,0,0,0,0,0,0,0,0,0,0,0,0,0,0,0,0
0.15,4800,12534.512541607,-300,0.21,0,0,0,0,0.77,0.73,0.69,0.67,0.66,0.65,0.66,0.66,0.68,0.71,0.76,0.79
0,4800,7429.420767501,300,0,0,0,0,0,0,0,0,0,0,0,0,0,0,0,0,0.01
0.1,4900,12319.602360107,-300,0.29,0.03,0.03,0,0,0.89,0.89,0.89,0.89,0.89,0.89,0.89,0.89,0.89,0.89,0.89,0.89
0.22,4900,7647.42666694522,300,0.01,0,0,0,0,0.11,0.09,0.07,0.07,0.07,0.07,0.07,0.07,0.07,0.08,0.11,0.12
0.13,5000,12102.332330063,-300,0.21,0.06,0.06,0,0,0.64,0.66,0.67,0.68,0.68,0.68,0.68,0.68,0.68,0.67,0.65,0.64
0.44,5000,7866.14059462398,300,0.1,0,0,0,0,0.75,0.73,0.71,0.68,0.67,0.66,0.66,0.68,0.7,0.72,0.74,0.75
0.18,5100,11816.4305874854,-300,0.03,0.03,0.03,0,0,0.27,0.23,0.2,0.18,0.18,0.17,0.17,0.18,0.19,0.21,0.25,0.28
0.46,5100,8152.14836499095,300,0.08,0,0,0,0,0.86,0.83,0.81,0.8,0.79,0.79,0.79,0.8,0.81,0.82,0.85,0.87
0.48,5200,8474.87406432629,300,0.12,0,0,0,0,0.64,0.63,0.62,0.61,0.61,0.61,0.61,0.61,0.61,0.63,0.64,0.64
0.03,5200,11493.831167385,-300,0.06,0.13,0.13,0,0,0.47,0.43,0.39,0.35,0.33,0.32,0.33,0.34,0.37,0.41,0.46,0.48
0.48,5300,8785.77128955722,300,0.12,0,0,0,0,0.64,0.62,0.6,0.58,0.57,0.57,0.57,0.58,0.59,0.61,0.63,0.65
0.03,5300,11182.4763867483,-300,0.13,0.03,0.03,0,0,0.45,0.43,0.4,0.39,0.38,0.37,0.37,0.38,0.4,0.42,0.45,0.46
0.33,5400,9030.46899835765,300,0.15,0,0,0,0,0.63,0.62,0.61,0.6,0.59,0.59,0.59,0.59,0.6,0.62,0.63,0.63
0.11,5400,10937.877560623,-300,0.48,0,0,0,0,0.89,0.91,0.92,0.93,0.94,0.94,0.94,0.93,0.93,0.91,0.9,0.89
0.15,5500,9394.26022021845,300,0.11,0,0,0,0,0.72,0.68,0.65,0.62,0.6,0.59,0.6,0.61,0.63,0.67,0.71,0.74
0.22,5500,10574.8773562349,-300,0.21,0,0,0,0,0.85,0.82,0.8,0.79,0.78,0.78,0.78,0.78,0.8,0.81,0.84,0.86
0.11,5600,9605.6798129864,300,0.15,0,0,0,0,0.72,0.69,0.68,0.66,0.65,0.65,0.65,0.66,0.67,0.69,0.71,0.72
0.18,5600,10363.4902569763,-300,0.29,0,0,0,0,0.9,0.91,0.93,0.93,0.94,0.94,0.94,0.94,0.93,0.92,0.91,0.9
0.14,5700,9811.62527270243,300,0.19,0,0,0,0,0.65,0.65,0.64,0.65,0.65,0.65,0.65,0.65,0.64,0.65,0.65,0.66
0.18,5700,10157.4964638799,-300,0.39,0,0,0,0,1,0.99,0.98,0.98,0.98,0.98,0.98,0.98,0.98,0.99,0.99,1
0,5800,10033.8158745915,300,0,0,0,0,0,0.17,0.13,0.1,0.07,0.05,0.05,0.05,0.06,0.08,0.12,0.16,0.19
0.32,5800,9935.29473431036,-300,0.21,0,0,0,0,0.84,0.79,0.74,0.69,0.67,0.65,0.66,0.68,0.72,0.77,0.83,0.86
0.06,5900,10283.11776568,300,0.04,0.08,0.08,0,0,0.14,0.16,0.18,0.19,0.21,0.21,0.21,0.2,0.18,0.16,0.15,0.14
0.15,5900,9686.04861226305,-300,0.43,0,0,0,0,0.99,0.99,0.99,0.99,0.99,0.99,0.99,0.99,0.99,0.99,0.99,0.98
0.13,6000,10558.5837594308,300,0.25,0.12,0.12,0,0,0.94,0.94,0.94,0.93,0.91,0.91,0.91,0.92,0.93,0.94,0.94,0.94
0.13,6000,9410.62083192542,-300,0.46,0,0,0,0,1,1,1,1,1,1,1,1,1,1,1,1
0.08,6100,10850.7087521702,300,0.15,0.03,0.03,0,0,0.95,0.9,0.85,0.82,0.79,0.78,0.78,0.8,0.84,0.88,0.94,0.96
0.13,6100,9118.40621963888,-300,0.46,0,0,0,0,1,1,1,1,1,1,1,1,1,1,1,1
0.1,6200,11149.8612556159,300,0.31,0,0,0,0,0.98,0.96,0.95,0.93,0.92,0.92,0.92,0.92,0.94,0.96,0.97,0.98
0.23,6200,8818.92345899343,-300,0.33,0,0,0,0,1,0.98,0.96,0.93,0.91,0.9,0.91,0.92,0.95,0.97,0.99,1
0.13,6300,11542.603995122,300,0.46,0,0,0,0,1,1,1,1,1,1,1,1,1,1,1,1
0.36,6300,8424.72122588009,-300,0.16,0,0,0,0,0.8,0.69,0.6,0.54,0.51,0.5,0.51,0.52,0.57,0.66,0.76,0.83
0.13,6400,11866.9105551541,300,0.46,0,0,0,0,1,1,1,1,1,1,1,1,1,1,1,1
0.33,6400,8099.34975057095,-300,0.2,0,0,0,0,0.81,0.77,0.74,0.7,0.69,0.68,0.69,0.7,0.72,0.76,0.79,0.82
0.44,6500,7825.81699286401,-300,0.07,0,0,0,0,0.38,0.29,0.22,0.18,0.16,0.15,0.15,0.17,0.21,0.26,0.35,0.42
0.13,6500,12140.6993633434,300,0.46,0,0,0,0,1,1,1,1,1,1,1,1,1,1,1,1
0.47,6600,7583.99588819593,-300,0.05,0,0,0,0,0.32,0.31,0.31,0.3,0.3,0.3,0.3,0.3,0.31,0.31,0.32,0.32
0.13,6600,12383.8194507137,300,0.46,0,0,0,0,1,1,1,1,1,1,1,1,1,1,1,1
0.12,6700,12481.8164108247,300,0.44,0.03,0.03,0,0,1,1,0.99,0.98,0.97,0.96,0.97,0.98,0.99,1,1,1
0.47,6700,7485.71510122716,-300,0.06,0,0,0,0,0.49,0.48,0.46,0.45,0.45,0.45,0.45,0.45,0.46,0.47,0.49,0.5
0.06,6800,12367.7516495883,300,0.18,0.09,0.09,0,0,0.72,0.63,0.55,0.49,0.45,0.43,0.44,0.47,0.53,0.6,0.69,0.75
0.46,6800,7599.78659656644,-300,0.04,0,0,0,0,0.09,0.08,0.07,0.06,0.05,0.05,0.05,0.06,0.06,0.07,0.09,0.09
0.02,6900,12188.6492429376,300,0,0,0,0,0,0.11,0.07,0.04,0.02,0.02,0.01,0.02,0.02,0.03,0.06,0.1,0.13
0.47,6900,7776.17971201241,-300,0.04,0,0,0,0,0.13,0.12,0.12,0.12,0.12,0.12,0.12,0.12,0.12,0.12,0.12,0.13
0.16,7000,11489.2279217392,300,0,0,0,0,0,0,0,0,0,0,0,0,0,0,0,0,0
0.48,7000,8478.83173441887,-300,0.09,0,0,0,0,0.95,0.95,0.96,0.96,0.96,0.96,0.96,0.96,0.96,0.95,0.95,0.95
0.18,7100,10939.0270371288,300,0.01,0,0,0,0,0.04,0.04,0.05,0.06,0.07,0.08,0.07,0.06,0.05,0.05,0.04,0.04
0.48,7100,9030.27640318871,-300,0.09,0,0,0,0,1,1,1,1,1,1,1,1,1,1,1,1
0.48,7200,9443.95962825418,-300,0.09,0,0,0,0,1,1,1,1,1,1,1,1,1,1,1,1
0.23,7200,10525.265341118,300,0.26,0,0,0,0,0.88,0.89,0.89,0.89,0.9,0.91,0.91,0.9,0.89,0.89,0.88,0.88
0.16,7300,9779.97652366757,-300,0.03,0,0,0,0,0.4,0.38,0.37,0.36,0.35,0.35,0.35,0.36,0.37,0.38,0.39,0.4
0.08,7300,10189.1285298318,300,0.24,0,0,0,0,0.81,0.73,0.66,0.59,0.55,0.54,0.55,0.58,0.63,0.71,0.79,0.83
0.11,7400,10045.0507296473,-300,0,0,0,0,0,0,0,0,0,0,0,0,0,0,0,0,0
0,7400,9924.06104280055,300,0.01,0,0,0,0,0.19,0.12,0.08,0.05,0.04,0.03,0.03,0.04,0.07,0.1,0.17,0.22
0.06,7500,10238.5352864265,-300,0,0,0,0,0,0,0,0,0,0,0,0,0,0,0,0,0
0,7500,9730.60144026577,300,0,0,0,0,0,0,0,0,0,0,0,0,0,0,0,0,0
0.01,7600,10370.7884673923,-300,0,0,0,0,0,0,0,0,0,0,0,0,0,0,0,0,0
0,7600,9598.31541532278,300,0,0,0,0,0,0,0,0,0,0,0,0,0,0,0,0,0
0,7700,10494.6329981238,-300,0,0,0,0,0,0,0,0,0,0,0,0,0,0,0,0,0
0,7700,9474.28926321864,300,0,0,0,0,0,0,0,0,0,0,0,0,0,0,0,0,0
0,7800,10501.0257723033,-300,0,0,0,0,0,0,0,0,0,0,0,0,0,0,0,0,0
0,7800,9467.97872160375,300,0,0,0,0,0,0,0,0,0,0,0,0,0,0,0,0,0
0,7900,9424.343974635,300,0,0,0,0,0,0,0,0,0,0,0,0,0,0,0,0,0
0,7900,10544.6907541603,-300,0,0,0,0,0,0,0,0,0,0,0,0,0,0,0,0,0
0,8000,10605.8378906548,-300,0,0,0,0,0,0,0,0,0,0,0,0,0,0,0,0,0
0,8000,9363.24033255875,300,0,0,0,0,0,0,0,0,0,0,0,0,0,0,0,0,0
0,8100,10683.2720247358,-300,0,0,0,0,0,0,0,0,0,0,0,0,0,0,0,0,0
0,8100,9285.88396574557,300,0,0,0,0,0,0,0,0,0,0,0,0,0,0,0,0,0
0,8200,9205.98771893978,300,0,0,0,0,0,0,0,0,0,0,0,0,0,0,0,0,0
0,8200,10763.1885971427,-300,0,0,0,0,0,0,0,0,0,0,0,0,0,0,0,0,0
0,8300,9142.56687760353,300,0,0,0,0,0,0,0,0,0,0,0,0,0,0,0,0,0
0,8300,10826.5974560976,-300,0,0,0,0,0,0,0,0,0,0,0,0,0,0,0,0,0
0.28,8400,10889.0786328763,-300,0.01,0,0,0,0,0,0,0,0,0,0,0,0,0,0,0,0
0,8400,9079.73875574768,300,0,0,0,0,0,0,0,0,0,0,0,0,0,0,0,0,0
0.46,8500,10991.0693225712,-300,0.04,0,0,0,0,0,0,0,0,0,0,0,0,0,0,0,0
0,8500,8977.3835439831,300,0,0,0,0,0,0,0,0,0,0,0,0,0,0,0,0,0
0.34,8600,10839.0448451042,-300,0.14,0,0,0,0,0,0,0,0,0,0,0,0,0,0,0,0
0,8600,9130.37638999522,300,0,0,0,0,0,0,0,0,0,0,0,0,0,0,0,0,0
0.31,8700,11467.5835162103,-300,0.18,0,0,0,0,0,0,0,0,0,0,0,0,0,0,0,0
0,8700,8501.06827488542,300,0,0,0,0,0,0,0,0,0,0,0,0,0,0,0,0,0
0.48,8800,10025.8946459144,-300,0.02,0,0,0,0,0,0,0,0,0,0,0,0,0,0,0,0
0.15,8800,9942.93553971499,300,0.04,0,0,0,0,0.32,0.26,0.22,0.19,0.17,0.16,0.16,0.18,0.21,0.25,0.3,0.34
0,200,10083.0239513367,-400,0,0,0,0,0,0,0,0,0,0,0,0,0,0,0,0,0
0,200,9886.0856693089,400,0,0,0,0,0,0,0,0,0,0,0,0,0,0,0,0,0
0,300,10188.2927593589,-400,0,0,0,0,0,0,0,0,0,0,0,0,0,0,0,0,0
0,300,9780.81459121406,400,0,0,0,0,0,0,0,0,0,0,0,0,0,0,0,0,0
0,400,10281.3623883873,-400,0,0,0,0,0,0,0,0,0,0,0,0,0,0,0,0,0
0,400,9687.71727494895,400,0,0,0,0,0,0,0,0,0,0,0,0,0,0,0,0,0
0,500,10365.0722413361,-400,0,0,0,0,0,0,0,0,0,0,0,0,0,0,0,0,0
0,500,9603.98445393145,400,0,0,0,0,0,0,0,0,0,0,0,0,0,0,0,0,0
0,600,10447.1561487615,-400,0,0,0,0,0,0,0,0,0,0,0,0,0,0,0,0,0
0,600,9521.89387853444,400,0,0,0,0,0,0,0,0,0,0,0,0,0,0,0,0,0
0,700,10539.8387137502,-400,0,0,0,0,0,0,0,0,0,0,0,0,0,0,0,0,0
0,700,9429.19984152913,400,0,0,0,0,0,0,0,0,0,0,0,0,0,0,0,0,0
0,800,10626.5407243669,-400,0,0,0,0,0,0,0,0,0,0,0,0,0,0,0,0,0
0,800,9342.49815614522,400,0,0,0,0,0,0,0,0,0,0,0,0,0,0,0,0,0
0,900,10695.8891517967,-400,0,0,0,0,0,0,0,0,0,0,0,0,0,0,0,0,0
0,900,9273.169085145,400,0,0,0,0,0,0,0,0,0,0,0,0,0,0,0,0,0
0,1000,10743.5059655309,-400,0,0,0,0,0,0,0,0,0,0,0,0,0,0,0,0,0
0,1000,9225.5912938118,400,0,0,0,0,0,0,0,0,0,0,0,0,0,0,0,0,0
0,1100,10770.6809010357,-400,0,0,0,0,0,0,0,0,0,0,0,0,0,0,0,0,0
0,1100,9198.44610226154,400,0,0,0,0,0,0,0,0,0,0,0,0,0,0,0,0,0
0,1200,10784.2997541875,-400,0,0,0,0,0,0,0,0,0,0,0,0,0,0,0,0,0
0,1200,9184.82735773921,400,0,0,0,0,0,0,0,0,0,0,0,0,0,0,0,0,0
0,1300,10784.4890845418,-400,0,0,0,0,0,0,0,0,0,0,0,0,0,0,0,0,0
0,1300,9184.62780426443,400,0,0,0,0,0,0,0,0,0,0,0,0,0,0,0,0,0
0,1400,10775.6022289395,-400,0,0,0,0,0,0,0,0,0,0,0,0,0,0,0,0,0
0,1400,9193.45808440447,400,0,0,0,0,0,0,0,0,0,0,0,0,0,0,0,0,0
0,1500,10752.6126450747,-400,0,0,0,0,0,0,0,0,0,0,0,0,0,0,0,0,0
0,1500,9216.38521531224,400,0,0,0,0,0,0,0,0,0,0,0,0,0,0,0,0,0
0,1600,10760.8385396004,-400,0,0,0,0,0,0,0,0,0,0,0,0,0,0,0,0,0
0,1600,9208.03850291669,400,0,0,0,0,0,0,0,0,0,0,0,0,0,0,0,0,0
0,1700,10659.6432660073,-400,0,0,0,0,0,0,0,0,0,0,0,0,0,0,0,0,0
0,1700,9309.35409153998,400,0,0,0,0,0,0,0,0,0,0,0,0,0,0,0,0,0
0,1800,10566.5592716783,-400,0,0,0,0,0,0,0,0,0,0,0,0,0,0,0,0,0
0,1800,9402.53866134584,400,0,0,0,0,0,0,0,0,0,0,0,0,0,0,0,0,0
0,1900,10500.2408119291,-400,0,0,0,0,0,0,0,0,0,0,0,0,0,0,0,0,0
0,1900,9468.88706485927,400,0,0,0,0,0,0,0,0,0,0,0,0,0,0,0,0,0
0,2000,10454.9958934188,-400,0,0,0,0,0,0,0,0,0,0,0,0,0,0,0,0,0
0,2000,9514.13709962368,400,0,0,0,0,0,0,0,0,0,0,0,0,0,0,0,0,0
0,2100,10440.6173080355,-400,0,0,0,0,0,0,0,0,0,0,0,0,0,0,0,0,0
0,2100,9528.5142070055,400,0,0,0,0,0,0,0,0,0,0,0,0,0,0,0,0,0
0,2200,10451.6352630258,-400,0,0,0,0,0,0,0,0,0,0,0,0,0,0,0,0,0
0,2200,9517.47823344171,400,0,0,0,0,0,0,0,0,0,0,0,0,0,0,0,0,0
0,2300,10486.3324563652,-400,0,0,0,0,0,0,0,0,0,0,0,0,0,0,0,0,0
0,2300,9482.76234133542,400,0,0,0,0,0,0,0,0,0,0,0,0,0,0,0,0,0
0,2400,10539.4753712267,-400,0,0,0,0,0,0,0,0,0,0,0,0,0,0,0,0,0
0,2400,9429.57116648555,400,0,0,0,0,0,0,0,0,0,0,0,0,0,0,0,0,0
0.25,2500,10619.7171029299,-400,0,0,0,0,0,0.01,0.01,0.01,0.02,0.03,0.03,0.03,0.03,0.02,0.01,0.01,0.01
0,2500,9349.2343788296,400,0,0,0,0,0,0,0,0,0,0,0,0,0,0,0,0,0
0,2600,10600.5491434783,-400,0,0,0,0,0,0,0,0,0,0,0,0,0,0,0,0,0
0,2600,9368.49106675386,400,0,0,0,0,0,0,0,0,0,0,0,0,0,0,0,0,0
0,2700,10599.1541737616,-400,0,0,0,0,0,0,0,0,0,0,0,0,0,0,0,0,0
0,2700,9369.93294171989,400,0,0,0,0,0,0,0,0,0,0,0,0,0,0,0,0,0
0,2800,10566.228661254,-400,0,0,0,0,0,0,0,0,0,0,0,0,0,0,0,0,0
0,2800,9402.90119312704,400,0,0,0,0,0,0,0,0,0,0,0,0,0,0,0,0,0
0,2900,10492.6416770518,-400,0,0,0,0,0,0,0,0,0,0,0,0,0,0,0,0,0
0,2900,9476.49594800174,400,0,0,0,0,0,0,0,0,0,0,0,0,0,0,0,0,0
0,3000,10366.4431618601,-400,0,0,0,0,0,0,0,0,0,0,0,0,0,0,0,0,0
0,3000,9602.67055697739,400,0,0,0,0,0,0,0,0,0,0,0,0,0,0,0,0,0
0,3100,9792.71644188464,400,0,0,0,0,0,0,0,0,0,0,0,0,0,0,0,0,0
0,3100,10176.368603155,-400,0,0,0,0,0,0,0,0,0,0,0,0,0,0,0,0,0
0,3200,10049.2032017857,400,0,0,0,0,0,0,0,0,0,0,0,0,0,0,0,0,0
0,3200,9919.90020158887,-400,0,0,0,0,0,0,0,0,0,0,0,0,0,0,0,0,0
0,3300,9587.98762768507,-400,0,0,0,0,0,0,0,0,0,0,0,0,0,0,0,0,0
0,3300,10381.0925752819,400,0,0,0,0,0,0,0,0,0,0,0,0,0,0,0,0,0
0,3400,10780.7388822585,400,0,0,0,0,0,0,0,0,0,0,0,0,0,0,0,0,0
0,3400,9188.0728854537,-400,0,0,0,0,0,0,0,0,0,0,0,0,0,0,0,0,0
0,3500,11020.1312670857,400,0,0,0,0,0,0,0,0,0,0,0,0,0,0,0,0,0
0,3500,8948.70377834141,-400,0,0,0,0,0,0,0,0,0,0,0,0,0,0,0,0,0
0,3600,11158.5088168681,400,0,0,0,0,0,0,0,0,0,0,0,0,0,0,0,0,0
0,3600,8810.54924744368,-400,0,0,0,0,0,0,0,0,0,0,0,0,0,0,0,0,0
0,3700,11112.7439775318,400,0,0,0,0,0,0,0,0,0,0,0,0,0,0,0,0,0
0,3700,8856.42529533803,-400,0,0,0,0,0,0,0,0,0,0,0,0,0,0,0,0,0
0,3800,10866.6602690965,400,0,0,0,0,0,0,0,0,0,0,0,0,0,0,0,0,0
0,3800,9102.45676362514,-400,0,0,0,0,0,0,0,0,0,0,0,0,0,0,0,0,0
0,3900,9524.79795616865,-400,0,0,0,0,0,0,0,0,0,0,0,0,0,0,0,0,0
0,3900,10444.1831774414,400,0,0,0,0,0,0.05,0.01,0,0,0,0,0,0,0,0,0.03,0.07
0,4000,10110.9725246131,-400,0,0,0,0,0,0,0,0,0,0,0,0,0,0,0,0,0
0,4000,9858.03421096504,400,0,0,0,0,0,0.2,0.13,0.06,0.02,0.01,0,0,0.01,0.04,0.1,0.18,0.23
0,4100,10835.8906060308,-400,0,0,0,0,0,0,0,0,0,0,0,0,0,0,0,0,0
0.01,4100,9132.73922471702,400,0,0,0,0,0,0.02,0.01,0,0,0,0,0,0,0,0,0.02,0.03
0,4200,11451.3640546203,-400,0,0,0,0,0,0,0,0,0,0,0,0,0,0,0,0,0
0,4200,8517.04631280899,400,0,0,0,0,0,0,0,0,0,0,0,0,0,0,0,0,0
0,4300,12038.086827293,-400,0,0,0,0,0,0,0,0,0,0,0,0,0,0,0,0,0
0,4300,7930.44299639761,400,0,0,0,0,0,0,0,0,0,0,0,0,0,0,0,0,0
0.01,4400,12543.4788102061,-400,0.14,0,0,0,0,0.31,0.3,0.28,0.27,0.26,0.27,0.27,0.26,0.28,0.29,0.31,0.32
0,4400,7424.25156646967,400,0,0,0,0,0,0,0,0,0,0,0,0,0,0,0,0,0
0.07,4500,12937.1053723246,-400,0.08,0,0,0,0,0.4,0.32,0.27,0.24,0.22,0.22,0.22,0.23,0.25,0.3,0.37,0.43
0,4500,7030.23676538467,400,0,0,0,0,0,0,0,0,0,0,0,0,0,0,0,0,0
0.3,4600,13195.4627567381,-400,0.23,0,0,0,0,0.83,0.81,0.79,0.76,0.76,0.76,0.76,0.76,0.78,0.8,0.83,0.84
0,4600,6769.81260663271,400,0,0,0,0,0,0,0,0,0,0,0,0,0,0,0,0,0
0.32,4700,13551.6221099496,-400,0.21,0,0,0,0,0.91,0.88,0.82,0.76,0.74,0.73,0.73,0.75,0.79,0.86,0.9,0.93
0,4700,6409.59267522395,400,0,0,0,0,0,0,0,0,0,0,0,0,0,0,0,0,0
0.02,4800,13384.8550575823,-400,0.06,0,0,0,0,0.26,0.24,0.23,0.22,0.21,0.21,0.21,0.22,0.23,0.24,0.25,0.26
0,4800,6578.06602539122,400,0,0,0,0,0,0,0,0,0,0,0,0,0,0,0,0,0
0.05,4900,13097.8541117981,-400,0.09,0.04,0.04,0,0,0.4,0.4,0.4,0.39,0.39,0.38,0.39,0.39,0.4,0.4,0.4,0.4
0,4900,6868.28652090579,400,0,0,0,0,0,0,0,0,0,0,0,0,0,0,0,0,0
0.09,5000,12807.8552926853,-400,0.2,0,0,0,0,0.87,0.82,0.77,0.74,0.72,0.7,0.71,0.73,0.76,0.8,0.85,0.89
0.04,5000,7159.71272069216,400,0,0,0,0,0,0,0,0,0,0,0,0,0,0,0,0,0
0.03,5100,12426.9028915688,-400,0.07,0,0,0,0,0.58,0.56,0.54,0.52,0.51,0.5,0.51,0.51,0.53,0.55,0.58,0.59
0.09,5100,7541.08018188179,400,0.01,0,0,0,0,0.14,0.13,0.12,0.12,0.12,0.12,0.12,0.12,0.12,0.13,0.14,0.14
0.11,5200,7971.62850037217,400,0.01,0,0,0,0,0.17,0.11,0.08,0.06,0.05,0.05,0.05,0.05,0.07,0.1,0.15,0.19
0.04,5200,11996.9046332613,-400,0.09,0,0,0,0,0.42,0.43,0.43,0.43,0.43,0.43,0.43,0.43,0.43,0.43,0.42,0.42
0.05,5300,8386.27708978951,400,0,0,0,0,0,0.24,0.2,0.17,0.15,0.12,0.11,0.12,0.14,0.16,0.19,0.23,0.25
0.01,5300,11581.8838860765,-400,0.06,0,0,0,0,0.23,0.23,0.23,0.24,0.24,0.24,0.24,0.24,0.24,0.23,0.23,0.22
0.05,5400,8712.54763324186,400,0.05,0,0,0,0,0.22,0.21,0.21,0.21,0.21,0.21,0.21,0.21,0.21,0.21,0.21,0.22
0,5400,11255.7590495571,-400,0,0,0,0,0,0.11,0.11,0.11,0.12,0.12,0.12,0.12,0.12,0.12,0.11,0.11,0.1
0.1,5500,9197.48240729049,400,0.09,0,0,0,0,0.55,0.5,0.45,0.41,0.39,0.38,0.38,0.4,0.43,0.48,0.53,0.56
0.03,5500,10771.638588611,-400,0.1,0,0,0,0,0.39,0.39,0.39,0.38,0.38,0.38,0.38,0.38,0.38,0.39,0.39,0.39
0.13,5600,9479.37519949675,400,0.05,0,0,0,0,0.39,0.32,0.27,0.22,0.19,0.18,0.18,0.21,0.25,0.3,0.37,0.42
0.08,5600,10489.7891247459,-400,0.31,0,0,0,0,0.77,0.77,0.78,0.79,0.8,0.81,0.81,0.8,0.78,0.77,0.77,0.78
0.26,5700,9753.97945101559,400,0.11,0,0,0,0,0.48,0.46,0.44,0.42,0.41,0.41,0.41,0.41,0.43,0.45,0.47,0.49
0.12,5700,10215.1410392933,-400,0.45,0,0,0,0,0.98,0.99,0.99,1,1,1,1,1,1,0.99,0.98,0.98
0.19,5800,10050.2359677516,400,0.22,0,0,0,0,0.81,0.77,0.74,0.71,0.69,0.69,0.69,0.7,0.72,0.75,0.8,0.83
0.13,5800,9918.87444736809,-400,0.46,0,0,0,0,1,1,1,1,1,1,1,1,1,1,1,1
0.02,5900,10382.6272788867,400,0.08,0,0,0,0,0.46,0.42,0.39,0.37,0.35,0.35,0.35,0.36,0.38,0.41,0.45,0.48
0.22,5900,9586.53507433459,-400,0.34,0,0,0,0,0.99,0.97,0.95,0.92,0.9,0.9,0.9,0.91,0.94,0.97,0.99,1
0.01,6000,10749.9008133635,400,0.01,0,0,0,0,0.17,0.16,0.15,0.13,0.12,0.11,0.12,0.13,0.14,0.15,0.17,0.18
0.18,6000,9219.28357673436,-400,0.39,0,0,0,0,1,0.99,0.98,0.98,0.98,0.98,0.98,0.98,0.98,0.99,1,1
0.03,6100,11139.3955537379,400,0,0.12,0.12,0,0,0.09,0.05,0.03,0.01,0,0,0,0.01,0.02,0.04,0.08,0.1
0.13,6100,8829.65884373337,-400,0.46,0,0,0,0,1,1,1,1,1,1,1,1,1,1,1,1
0.04,6200,11538.2827590108,400,0.01,0.23,0.23,0,0,0.19,0.16,0.13,0.11,0.1,0.09,0.1,0.11,0.13,0.15,0.18,0.2
0.13,6200,8430.36569681019,-400,0.46,0,0,0,0,1,1,1,1,1,1,1,1,1,1,1,1
0.25,6300,12062.1240505949,400,0.09,0.13,0.13,0,0,0.78,0.77,0.75,0.73,0.72,0.72,0.72,0.73,0.74,0.76,0.78,0.78
0.25,6300,7904.94702489674,-400,0.33,0,0,0,0,1,1,1,1,1,0.99,1,1,1,1,1,1
0.3,6400,12494.6300614551,400,0.11,0.09,0.09,0,0,0.99,0.94,0.89,0.85,0.82,0.81,0.82,0.84,0.87,0.92,0.98,1
0.39,6400,7471.21565534174,-400,0.18,0,0,0,0,1,1,1,0.99,0.99,0.99,0.99,0.99,1,1,1,1
0.48,6500,7106.36708986759,-400,0.09,0,0,0,0,0.97,0.96,0.95,0.94,0.94,0.94,0.94,0.94,0.95,0.96,0.97,0.98
0.18,6500,12859.5435838029,400,0.12,0.12,0.12,0,0,0.86,0.79,0.74,0.69,0.66,0.65,0.66,0.68,0.72,0.77,0.84,0.88
0.48,6600,6783.57570785284,-400,0.09,0,0,0,0,1,1,1,1,1,1,1,1,1,1,1,1
0.08,6600,13183.0996292308,400,0.11,0.15,0.15,0,0,0.57,0.51,0.46,0.42,0.39,0.38,0.38,0.41,0.44,0.49,0.55,0.59
0.02,6700,13313.9689940959,400,0.03,0.14,0.14,0,0,0.34,0.26,0.2,0.16,0.13,0.12,0.13,0.15,0.18,0.24,0.32,0.37
0.48,6700,6652.18140098453,-400,0.09,0,0,0,0,1,1,1,1,1,1,1,1,1,1,1,1
0,6800,13161.9793997705,400,0,0,0,0,0,0,0,0,0,0,0,0,0,0,0,0,0.01
0.48,6800,6804.77101410925,-400,0.09,0,0,0,0,1,0.99,0.98,0.98,0.97,0.97,0.97,0.98,0.98,0.99,0.99,1
0.11,6900,12923.8359600902,400,0.16,0,0,0,0,0.39,0.4,0.42,0.44,0.45,0.47,0.46,0.44,0.42,0.41,0.39,0.39
0.48,6900,7040.54325221479,-400,0.09,0,0,0,0,0.99,0.98,0.97,0.96,0.96,0.95,0.96,0.96,0.97,0.98,0.99,1
0.18,7000,11990.8489828706,400,0.24,0,0,0,0,0.73,0.73,0.74,0.76,0.78,0.78,0.78,0.77,0.75,0.73,0.73,0.73
0.48,7000,7976.98739978671,-400,0.09,0,0,0,0,1,1,1,1,1,1,1,1,1,1,1,1
0.15,7100,11257.1099705845,400,0.19,0,0,0,0,0.87,0.84,0.78,0.71,0.68,0.67,0.67,0.7,0.75,0.82,0.86,0.87
0.48,7100,8712.10912530124,-400,0.09,0,0,0,0,1,1,1,1,1,1,1,1,1,1,1,1
0.43,7200,9263.73088778555,-400,0.08,0,0,0,0,0.91,0.91,0.91,0.91,0.91,0.91,0.91,0.91,0.91,0.91,0.91,0.91
0.05,7200,10705.470859915,400,0.12,0,0,0,0,0.62,0.53,0.45,0.39,0.36,0.35,0.35,0.38,0.42,0.49,0.59,0.66
0.06,7300,9711.78301379085,-400,0.01,0,0,0,0,0.17,0.16,0.16,0.16,0.16,0.16,0.16,0.16,0.16,0.16,0.17,0.17
0,7300,10257.3200003058,400,0,0,0,0,0,0.04,0.02,0,0,0,0,0,0,0,0.01,0.03,0.06
0,7400,10065.215572983,-400,0,0,0,0,0,0,0,0,0,0,0,0,0,0,0,0,0
0,7400,9903.89599055052,400,0,0,0,0,0,0,0,0,0,0,0,0,0,0,0,0,0
0,7500,10323.1900063902,-400,0,0,0,0,0,0,0,0,0,0,0,0,0,0,0,0,0
0,7500,9645.94487820566,400,0,0,0,0,0,0,0,0,0,0,0,0,0,0,0,0,0
0,7600,10499.5316711068,-400,0,0,0,0,0,0,0,0,0,0,0,0,0,0,0,0,0
0,7600,9469.56760171056,400,0,0,0,0,0,0,0,0,0,0,0,0,0,0,0,0,0
0,7700,10664.686796397,-400,0,0,0,0,0,0,0,0,0,0,0,0,0,0,0,0,0
0,7700,9304.22848324478,400,0,0,0,0,0,0,0,0,0,0,0,0,0,0,0,0,0
0,7800,10673.1957134008,-400,0,0,0,0,0,0,0,0,0,0,0,0,0,0,0,0,0
0,7800,9295.79964581132,400,0,0,0,0,0,0,0,0,0,0,0,0,0,0,0,0,0
0,7900,9237.61375899613,400,0,0,0,0,0,0,0,0,0,0,0,0,0,0,0,0,0
0,7900,10731.4094650596,-400,0,0,0,0,0,0,0,0,0,0,0,0,0,0,0,0,0
0,8000,10812.9298770428,-400,0,0,0,0,0,0,0,0,0,0,0,0,0,0,0,0,0
0,8000,9156.13313290477,400,0,0,0,0,0,0,0,0,0,0,0,0,0,0,0,0,0
0,8100,10916.1488455385,-400,0,0,0,0,0,0,0,0,0,0,0,0,0,0,0,0,0
0,8100,9052.97288142145,400,0,0,0,0,0,0,0,0,0,0,0,0,0,0,0,0,0
0,8200,8946.42422637343,400,0,0,0,0,0,0,0,0,0,0,0,0,0,0,0,0,0
0,8200,11022.700178504,-400,0,0,0,0,0,0,0,0,0,0,0,0,0,0,0,0,0
0,8300,8861.87455882132,400,0,0,0,0,0,0,0,0,0,0,0,0,0,0,0,0,0
0.04,8300,11107.2486634254,-400,0,0,0,0,0,0,0,0,0,0,0,0,0,0,0,0,0
0.23,8400,11190.6148431301,-400,0.01,0,0,0,0,0,0,0,0,0,0,0,0,0,0,0,0
0,8400,8778.16167356074,400,0,0,0,0,0,0,0,0,0,0,0,0,0,0,0,0,0
0.12,8500,11326.665543884,-400,0.1,0,0,0,0,0,0,0,0,0,0,0,0,0,0,0,0
0,8500,8641.75117234886,400,0,0,0,0,0,0,0,0,0,0,0,0,0,0,0,0,0
0,8600,11123.7972024232,-400,0,0,0,0,0,0,0,0,0,0,0,0,0,0,0,0,0
0,8600,8845.57259561121,400,0,0,0,0,0,0,0,0,0,0,0,0,0,0,0,0,0
0,8700,11961.9080450237,-400,0,0,0,0,0,0,0,0,0,0,0,0,0,0,0,0,0
0,8700,8006.55438998342,400,0,0,0,0,0,0,0,0,0,0,0,0,0,0,0,0,0
0.01,8800,10039.7211636156,-400,0,0,0,0,0,0,0,0,0,0,0,0,0,0,0,0,0
0.2,8800,9929.10902202874,400,0.18,0,0,0,0,0,0,0,0,0,0,0,0,0,0,0,0
0,200,10107.6411884278,-500,0,0,0,0,0,0,0,0,0,0,0,0,0,0,0,0,0
0,200,9861.46833592653,500,0,0,0,0,0,0,0,0,0,0,0,0,0,0,0,0,0
0,300,10239.2273920476,-500,0,0,0,0,0,0,0,0,0,0,0,0,0,0,0,0,0
0,300,9729.87968190014,500,0,0,0,0,0,0,0,0,0,0,0,0,0,0,0,0,0
0,400,10355.5676806569,-500,0,0,0,0,0,0,0,0,0,0,0,0,0,0,0,0,0
0,400,9613.5112888217,500,0,0,0,0,0,0,0,0,0,0,0,0,0,0,0,0,0
0,500,10460.2074456066,-500,0,0,0,0,0,0,0,0,0,0,0,0,0,0,0,0,0
0,500,9508.8477113843,500,0,0,0,0,0,0,0,0,0,0,0,0,0,0,0,0,0
0,600,10562.8124199957,-500,0,0,0,0,0,0,0,0,0,0,0,0,0,0,0,0,0
0,600,9406.23458217084,500,0,0,0,0,0,0,0,0,0,0,0,0,0,0,0,0,0
0,700,10678.665949896,-500,0,0,0,0,0,0,0,0,0,0,0,0,0,0,0,0,0
0,700,9290.36735966802,500,0,0,0,0,0,0,0,0,0,0,0,0,0,0,0,0,0
0,800,10787.0420057774,-500,0,0,0,0,0,0,0,0,0,0,0,0,0,0,0,0,0
0,800,9181.98879554868,500,0,0,0,0,0,0,0,0,0,0,0,0,0,0,0,0,0
0,900,10873.723692596,-500,0,0,0,0,0,0,0,0,0,0,0,0,0,0,0,0,0
0,900,9095.3236092627,500,0,0,0,0,0,0,0,0,0,0,0,0,0,0,0,0,0
0,1000,10933.2386751026,-500,0,0,0,0,0,0,0,0,0,0,0,0,0,0,0,0,0
0,1000,9035.84533543885,500,0,0,0,0,0,0,0,0,0,0,0,0,0,0,0,0,0
0,1100,10967.1982525289,-500,0,0,0,0,0,0,0,0,0,0,0,0,0,0,0,0,0
0,1100,9001.90659455955,500,0,0,0,0,0,0,0,0,0,0,0,0,0,0,0,0,0
0,1200,10984.2228677273,-500,0,0,0,0,0,0,0,0,0,0,0,0,0,0,0,0,0
0,1200,8984.88053160906,500,0,0,0,0,0,0,0,0,0,0,0,0,0,0,0,0,0
0,1300,10984.4641750157,-500,0,0,0,0,0,0,0,0,0,0,0,0,0,0,0,0,0
0,1300,8984.63757476211,500,0,0,0,0,0,0,0,0,0,0,0,0,0,0,0,0,0
0,1400,10973.3629900068,-500,0,0,0,0,0,0,0,0,0,0,0,0,0,0,0,0,0
0,1400,8995.68280927837,500,0,0,0,0,0,0,0,0,0,0,0,0,0,0,0,0,0
0,1500,10944.6345857829,-500,0,0,0,0,0,0,0,0,0,0,0,0,0,0,0,0,0
0,1500,9024.35029855371,500,0,0,0,0,0,0,0,0,0,0,0,0,0,0,0,0,0
0,1600,10954.9330080897,-500,0,0,0,0,0,0,0,0,0,0,0,0,0,0,0,0,0
0,1600,9013.93296217918,500,0,0,0,0,0,0,0,0,0,0,0,0,0,0,0,0,0
0,1700,10828.4251902699,-500,0,0,0,0,0,0,0,0,0,0,0,0,0,0,0,0,0
0,1700,9140.56372214854,500,0,0,0,0,0,0,0,0,0,0,0,0,0,0,0,0,0
0,1800,10712.0587767512,-500,0,0,0,0,0,0,0,0,0,0,0,0,0,0,0,0,0
0,1800,9257.03301382065,500,0,0,0,0,0,0,0,0,0,0,0,0,0,0,0,0,0
0,1900,10629.1578502357,-500,0,0,0,0,0,0,0,0,0,0,0,0,0,0,0,0,0
0,1900,9339.96566639841,500,0,0,0,0,0,0,0,0,0,0,0,0,0,0,0,0,0
0,2000,10572.6013434827,-500,0,0,0,0,0,0,0,0,0,0,0,0,0,0,0,0,0
0,2000,9396.52696599066,500,0,0,0,0,0,0,0,0,0,0,0,0,0,0,0,0,0
0,2100,10554.6277217269,-500,0,0,0,0,0,0,0,0,0,0,0,0,0,0,0,0,0
0,2100,9414.49973073602,500,0,0,0,0,0,0,0,0,0,0,0,0,0,0,0,0,0
0,2200,10568.4033470601,-500,0,0,0,0,0,0,0,0,0,0,0,0,0,0,0,0,0
0,2200,9400.70706017315,500,0,0,0,0,0,0,0,0,0,0,0,0,0,0,0,0,0
0,2300,10611.7767472118,-500,0,0,0,0,0,0,0,0,0,0,0,0,0,0,0,0,0
0,2300,9357.31410340965,500,0,0,0,0,0,0,0,0,0,0,0,0,0,0,0,0,0
0,2400,10678.21089302,-500,0,0,0,0,0,0,0,0,0,0,0,0,0,0,0,0,0
0,2400,9290.83063703775,500,0,0,0,0,0,0,0,0,0,0,0,0,0,0,0,0,0
0.24,2500,10778.5244009346,-500,0,0,0,0,0,0,0,0,0,0,0,0,0,0,0,0,0
0,2500,9190.42099578679,500,0,0,0,0,0,0,0,0,0,0,0,0,0,0,0,0,0
0,2600,10754.5529775321,-500,0,0,0,0,0,0,0,0,0,0,0,0,0,0,0,0,0
0,2600,9214.48038156331,500,0,0,0,0,0,0,0,0,0,0,0,0,0,0,0,0,0
0,2700,10752.8033193648,-500,0,0,0,0,0,0,0,0,0,0,0,0,0,0,0,0,0
0,2700,9216.27677927911,500,0,0,0,0,0,0,0,0,0,0,0,0,0,0,0,0,0
0,2800,10711.6414101273,-500,0,0,0,0,0,0,0,0,0,0,0,0,0,0,0,0,0
0,2800,9257.48207496107,500,0,0,0,0,0,0,0,0,0,0,0,0,0,0,0,0,0
0,2900,10619.6570475399,-500,0,0,0,0,0,0,0,0,0,0,0,0,0,0,0,0,0
0,2900,9349.47420080006,500,0,0,0,0,0,0,0,0,0,0,0,0,0,0,0,0,0
0,3000,10461.9132319689,-500,0,0,0,0,0,0,0,0,0,0,0,0,0,0,0,0,0
0,3000,9507.198161304,500,0,0,0,0,0,0,0,0,0,0,0,0,0,0,0,0,0
0,3100,9744.75989530981,500,0,0,0,0,0,0,0,0,0,0,0,0,0,0,0,0,0
0,3100,10224.325096935,-500,0,0,0,0,0,0,0,0,0,0,0,0,0,0,0,0,0
0,3200,10065.3660441637,500,0,0,0,0,0,0,0,0,0,0,0,0,0,0,0,0,0
0,3200,9903.73729394376,-500,0,0,0,0,0,0,0,0,0,0,0,0,0,0,0,0,0
0,3300,9488.84840129316,-500,0,0,0,0,0,0,0,0,0,0,0,0,0,0,0,0,0
0,3300,10480.229585737,500,0,0,0,0,0,0,0,0,0,0,0,0,0,0,0,0,0
0,3400,10979.8166401237,500,0,0,0,0,0,0,0,0,0,0,0,0,0,0,0,0,0
0,3400,8988.98414412141,-500,0,0,0,0,0,0,0,0,0,0,0,0,0,0,0,0,0
0,3500,11279.0460201502,500,0,0,0,0,0,0,0,0,0,0,0,0,0,0,0,0,0
0,3500,8689.76165927947,-500,0,0,0,0,0,0,0,0,0,0,0,0,0,0,0,0,0
0,3600,11451.9821154922,500,0,0,0,0,0,0,0,0,0,0,0,0,0,0,0,0,0
0,3600,8517.03265368938,-500,0,0,0,0,0,0,0,0,0,0,0,0,0,0,0,0,0
0,3700,11394.7561887354,500,0,0,0,0,0,0,0,0,0,0,0,0,0,0,0,0,0
0,3700,8574.34962642193,-500,0,0,0,0,0,0,0,0,0,0,0,0,0,0,0,0,0
0,3800,11087.1686274707,500,0,0,0,0,0,0,0,0,0,0,0,0,0,0,0,0,0
0,3800,8881.92245517671,-500,0,0,0,0,0,0,0,0,0,0,0,0,0,0,0,0,0
0,3900,9409.87431895733,-500,0,0,0,0,0,0,0,0,0,0,0,0,0,0,0,0,0
0,3900,10559.1058455557,500,0,0,0,0,0,0,0,0,0,0,0,0,0,0,0,0,0
0,4000,10142.5897310078,-500,0,0,0,0,0,0,0,0,0,0,0,0,0,0,0,0,0
0,4000,9826.41683889925,500,0,0,0,0,0,0,0,0,0,0,0,0,0,0,0,0,0
0,4100,11048.7790416777,-500,0,0,0,0,0,0,0,0,0,0,0,0,0,0,0,0,0
0,4100,8919.83981499076,500,0,0,0,0,0,0,0,0,0,0,0,0,0,0,0,0,0
0,4200,11818.123668775,-500,0,0,0,0,0,0,0,0,0,0,0,0,0,0,0,0,0
0,4200,8150.22649154067,500,0,0,0,0,0,0,0,0,0,0,0,0,0,0,0,0,0
0,4300,12551.3525214791,-500,0,0,0,0,0,0,0,0,0,0,0,0,0,0,0,0,0
0,4300,7416.85944341123,500,0,0,0,0,0,0,0,0,0,0,0,0,0,0,0,0,0
0,4400,13183.2085979581,-500,0,0,0,0,0,0,0,0,0,0,0,0,0,0,0,0,0
0,4400,6783.94232231379,500,0,0,0,0,0,0,0,0,0,0,0,0,0,0,0,0,0
0.01,4500,13674.8902199119,-500,0.12,0,0,0,0,0.33,0.3,0.27,0.23,0.22,0.22,0.22,0.23,0.25,0.29,0.32,0.34
0,4500,6291.47497169673,500,0,0,0,0,0,0,0,0,0,0,0,0,0,0,0,0,0
0.04,4600,13998.1896443218,-500,0.11,0,0,0,0,0.52,0.43,0.36,0.31,0.29,0.29,0.29,0.3,0.34,0.4,0.49,0.55
0,4600,5966.12695668638,500,0,0,0,0,0,0,0,0,0,0,0,0,0,0,0,0,0
0.06,4700,14443.8564486504,-500,0.06,0,0,0,0,0.31,0.25,0.24,0.24,0.25,0.25,0.25,0.24,0.24,0.24,0.29,0.33
0,4700,5516.31965523958,500,0,0,0,0,0,0,0,0,0,0,0,0,0,0,0,0,0
0.1,4800,14235.1975735277,-500,0.05,0,0,0,0,0.07,0.04,0.03,0.02,0.02,0.02,0.02,0.02,0.03,0.03,0.06,0.09
0,4800,5726.71128332615,500,0,0,0,0,0,0,0,0,0,0,0,0,0,0,0,0,0
0.05,4900,13876.1058635116,-500,0.14,0,0,0,0,0.53,0.51,0.49,0.48,0.48,0.47,0.47,0.48,0.49,0.5,0.53,0.54
0,4900,6089.14637485147,500,0,0,0,0,0,0,0,0,0,0,0,0,0,0,0,0,0
0.01,5000,13513.3782553375,-500,0.01,0,0,0,0,0.09,0.1,0.11,0.11,0.12,0.12,0.12,0.12,0.11,0.11,0.1,0.09
0,5000,6453.28484676033,500,0,0,0,0,0,0,0,0,0,0,0,0,0,0,0,0,0
0,5100,13037.4276024103,-500,0,0,0,0,0,0,0,0,0,0,0,0,0,0,0,0,0
0,5100,6930.01199875772,500,0,0,0,0,0,0,0,0,0,0,0,0,0,0,0,0,0
0,5200,7468.38293641806,500,0,0,0,0,0,0,0,0,0,0,0,0,0,0,0,0,0
0,5200,12499.9256924838,-500,0,0,0,0,0,0,0,0,0,0,0,0,0,0,0,0,0
0,5300,7986.7828900665,500,0,0,0,0,0,0,0,0,0,0,0,0,0,0,0,0,0
0,5300,11981.2913854495,-500,0,0,0,0,0,0,0,0,0,0,0,0,0,0,0,0,0
0,5400,8394.62626813725,500,0,0,0,0,0,0,0,0,0,0,0,0,0,0,0,0,0
0,5400,11573.640538536,-500,0,0,0,0,0,0,0,0,0,0,0,0,0,0,0,0,0
0,5500,9000.70459435135,500,0,0,0,0,0,0,0,0,0,0,0,0,0,0,0,0,0
0,5500,10968.3998210207,-500,0,0,0,0,0,0,0,0,0,0,0,0,0,0,0,0,0
0,5600,9353.07058603689,500,0,0,0,0,0,0,0,0,0,0,0,0,0,0,0,0,0
0,5600,10616.0879925899,-500,0,0,0,0,0,0,0,0,0,0,0,0,0,0,0,0,0
0.01,5700,9696.33362930641,500,0,0,0,0,0,0,0,0,0,0,0,0,0,0,0,0,0
0.01,5700,10272.7856145985,-500,0.04,0,0,0,0,0.09,0.11,0.14,0.16,0.18,0.18,0.18,0.17,0.15,0.12,0.09,0.09
0.06,5800,10066.656060949,500,0.09,0,0,0,0,0.43,0.38,0.34,0.31,0.29,0.29,0.29,0.3,0.32,0.36,0.41,0.44
0.06,5800,9902.45416045561,-500,0.21,0,0,0,0,0.46,0.5,0.53,0.56,0.58,0.58,0.58,0.57,0.54,0.51,0.47,0.46
0.02,5900,10482.1367921382,500,0.06,0,0,0,0,0.22,0.21,0.21,0.22,0.22,0.22,0.22,0.22,0.22,0.21,0.22,0.23
0.19,5900,9487.02153647318,-500,0.24,0,0,0,0,0.81,0.81,0.81,0.81,0.81,0.81,0.81,0.81,0.81,0.81,0.81,0.81
0.02,6000,10941.2178672813,500,0.09,0,0,0,0,0.49,0.45,0.42,0.4,0.39,0.39,0.39,0.4,0.41,0.43,0.47,0.5
0.32,6000,9027.94632148743,-500,0.19,0,0,0,0,0.87,0.85,0.82,0.79,0.77,0.76,0.76,0.78,0.81,0.84,0.86,0.88
0.05,6100,11428.0823553428,500,0.19,0,0,0,0,0.68,0.65,0.63,0.61,0.6,0.59,0.59,0.6,0.62,0.64,0.67,0.69
0.34,6100,8540.91146785021,-500,0.18,0,0,0,0,0.57,0.54,0.53,0.52,0.53,0.54,0.53,0.53,0.52,0.53,0.56,0.58
0.05,6200,11926.7042623907,500,0.17,0,0,0,0,0.59,0.59,0.59,0.59,0.58,0.57,0.57,0.58,0.59,0.59,0.59,0.59
0.37,6200,8041.80793460459,-500,0.2,0,0,0,0,0.99,0.97,0.97,0.96,0.96,0.96,0.96,0.96,0.96,0.97,0.98,0.99
0,6300,12581.6441060826,500,0.01,0,0,0,0,0.14,0.09,0.07,0.05,0.04,0.03,0.03,0.04,0.06,0.08,0.12,0.16
0.48,6300,7385.1728239283,-500,0.09,0,0,0,0,1,1,1,1,1,1,1,1,1,1,1,1
0,6400,13122.3495678082,500,0,0,0,0,0,0.01,0,0,0,0,0,0,0,0,0,0.01,0.02
0.48,6400,6843.08156012744,-500,0.09,0,0,0,0,1,1,1,1,1,1,1,1,1,1,1,1
0.48,6500,6386.91718682647,-500,0.09,0,0,0,0,1,1,1,1,1,1,1,1,1,1,1,1
0,6500,13578.3878042847,500,0,0,0,0,0,0,0,0,0,0,0,0,0,0,0,0,0
0.48,6600,5983.15552746505,-500,0.09,0,0,0,0,1,1,1,1,1,1,1,1,1,1,1,1
0,6600,13982.3798077032,500,0,0,0,0,0,0,0,0,0,0,0,0,0,0,0,0,0
0.01,6700,14146.3125595599,500,0.02,0,0,0,0,0.11,0.1,0.09,0.09,0.09,0.09,0.09,0.09,0.09,0.1,0.11,0.11
0.48,6700,5818.64770069718,-500,0.09,0,0,0,0,1,1,1,1,1,1,1,1,1,1,1,1
0.04,6800,13956.0161678344,500,0.17,0,0,0,0,0.71,0.64,0.59,0.57,0.56,0.56,0.56,0.56,0.58,0.62,0.69,0.73
0.48,6800,6009.75543160737,-500,0.09,0,0,0,0,1,1,1,1,1,1,1,1,1,1,1,1
0.01,6900,13659.0226772428,500,0.05,0,0,0,0,0.47,0.39,0.32,0.28,0.25,0.23,0.24,0.26,0.3,0.36,0.44,0.5
0.48,6900,6304.90679243207,-500,0.09,0,0,0,0,1,1,1,1,1,1,1,1,1,1,1,1
0,7000,12492.4700440168,500,0.01,0,0,0,0,0.26,0.19,0.12,0.07,0.05,0.04,0.04,0.06,0.1,0.16,0.24,0.28
0.48,7000,7475.14306515455,-500,0.09,0,0,0,0,1,1,1,1,1,1,1,1,1,1,1,1
0,7100,11575.19290407,500,0,0,0,0,0,0.11,0.05,0.01,0,0,0,0,0,0.01,0.04,0.09,0.14
0.39,7100,8393.94184745848,-500,0.07,0,0,0,0,0.83,0.83,0.83,0.83,0.83,0.83,0.83,0.83,0.83,0.83,0.83,0.83
0.05,7200,9083.50214731693,-500,0.01,0,0,0,0,0.13,0.13,0.13,0.13,0.13,0.13,0.13,0.13,0.13,0.13,0.13,0.13
0,7200,10885.6759685427,500,0,0,0,0,0,0,0,0,0,0,0,0,0,0,0,0,0
0,7300,9643.58950382471,-500,0,0,0,0,0,0,0,0,0,0,0,0,0,0,0,0,0
0,7300,10325.5118809044,500,0,0,0,0,0,0,0,0,0,0,0,0,0,0,0,0,0
0,7400,10085.3804164082,-500,0,0,0,0,0,0,0,0,0,0,0,0,0,0,0,0,0
0,7400,9883.73093833029,500,0,0,0,0,0,0,0,0,0,0,0,0,0,0,0,0,0
0,7500,10407.8447263986,-500,0,0,0,0,0,0,0,0,0,0,0,0,0,0,0,0,0
0,7500,9561.28831617534,500,0,0,0,0,0,0,0,0,0,0,0,0,0,0,0,0,0
0,7600,10628.2748748064,-500,0,0,0,0,0,0,0,0,0,0,0,0,0,0,0,0,0
0,7600,9340.81978805363,500,0,0,0,0,0,0,0,0,0,0,0,0,0,0,0,0,0
0,7700,10834.7405946851,-500,0,0,0,0,0,0,0,0,0,0,0,0,0,0,0,0,0
0,7700,9134.16770318151,500,0,0,0,0,0,0,0,0,0,0,0,0,0,0,0,0,0
0,7800,10845.365654543,-500,0,0,0,0,0,0,0,0,0,0,0,0,0,0,0,0,0
0,7800,9123.62057001889,500,0,0,0,0,0,0,0,0,0,0,0,0,0,0,0,0,0
0,7900,9050.88354338706,500,0,0,0,0,0,0,0,0,0,0,0,0,0,0,0,0,0
0,7900,10918.1281759292,-500,0,0,0,0,0,0,0,0,0,0,0,0,0,0,0,0,0
0,8000,11020.0218634605,-500,0,0,0,0,0,0,0,0,0,0,0,0,0,0,0,0,0
0,8000,8949.02593328059,500,0,0,0,0,0,0,0,0,0,0,0,0,0,0,0,0,0
0,8100,11149.0256663412,-500,0,0,0,0,0,0,0,0,0,0,0,0,0,0,0,0,0
0,8100,8820.06179717183,500,0,0,0,0,0,0,0,0,0,0,0,0,0,0,0,0,0
0,8200,8686.86073373258,500,0,0,0,0,0,0,0,0,0,0,0,0,0,0,0,0,0
0,8200,11282.2117598355,-500,0,0,0,0,0,0,0,0,0,0,0,0,0,0,0,0,0
0,8300,8581.18224005401,500,0,0,0,0,0,0,0,0,0,0,0,0,0,0,0,0,0
0,8300,11387.899870798,-500,0,0,0,0,0,0,0,0,0,0,0,0,0,0,0,0,0
0,8400,11492.1510533243,-500,0,0,0,0,0,0,0,0,0,0,0,0,0,0,0,0,0
0,8400,8476.5845913887,500,0,0,0,0,0,0,0,0,0,0,0,0,0,0,0,0,0
0,8500,11662.2617651671,-500,0,0,0,0,0,0,0,0,0,0,0,0,0,0,0,0,0
0,8500,8306.11880078912,500,0,0,0,0,0,0,0,0,0,0,0,0,0,0,0,0,0
0,8600,11408.5495597273,-500,0,0,0,0,0,0,0,0,0,0,0,0,0,0,0,0,0
0,8600,8560.76880122721,500,0,0,0,0,0,0,0,0,0,0,0,0,0,0,0,0,0
0,8700,12456.2325738519,-500,0,0,0,0,0,0,0,0,0,0,0,0,0,0,0,0,0
0,8700,7512.04050497711,500,0.01,0,0,0,0,0,0,0,0,0,0,0,0,0,0,0,0
0,8800,10053.5476813167,-500,0,0,0,0,0,0,0,0,0,0,0,0,0,0,0,0,0
0.1,8800,9915.28250431269,500,0.4,0,0,0,0,0,0,0,0,0,0,0,0,0,0,0,0
0,200,10132.2584255636,-600,0,0,0,0,0,0,0,0,0,0,0,0,0,0,0,0,0
0,200,9836.85100255907,600,0,0,0,0,0,0,0,0,0,0,0,0,0,0,0,0,0
0,300,10290.162024796,-600,0,0,0,0,0,0,0,0,0,0,0,0,0,0,0,0,0
0,300,9678.94477257133,600,0,0,0,0,0,0,0,0,0,0,0,0,0,0,0,0,0
0,400,10429.7729728967,-600,0,0,0,0,0,0,0,0,0,0,0,0,0,0,0,0,0
0,400,9539.30530270934,600,0,0,0,0,0,0,0,0,0,0,0,0,0,0,0,0,0
0,500,10555.3426498622,-600,0,0,0,0,0,0,0,0,0,0,0,0,0,0,0,0,0
0,500,9413.71096879244,600,0,0,0,0,0,0,0,0,0,0,0,0,0,0,0,0,0
0,600,10678.4686912149,-600,0,0,0,0,0,0,0,0,0,0,0,0,0,0,0,0,0
0,600,9290.57528583705,600,0,0,0,0,0,0,0,0,0,0,0,0,0,0,0,0,0
0,700,10817.4931860864,-600,0,0,0,0,0,0,0,0,0,0,0,0,0,0,0,0,0
0,700,9151.5348777324,600,0,0,0,0,0,0,0,0,0,0,0,0,0,0,0,0,0
0,800,10947.5432872176,-600,0,0,0,0,0,0,0,0,0,0,0,0,0,0,0,0,0
0,800,9021.47943489254,600,0,0,0,0,0,0,0,0,0,0,0,0,0,0,0,0,0
0,900,11051.5582333356,-600,0,0,0,0,0,0,0,0,0,0,0,0,0,0,0,0,0
0,900,8917.47813333571,600,0,0,0,0,0,0,0,0,0,0,0,0,0,0,0,0,0
0,1000,11122.9713846743,-600,0,0,0,0,0,0,0,0,0,0,0,0,0,0,0,0,0
0,1000,8846.099377051,600,0,0,0,0,0,0,0,0,0,0,0,0,0,0,0,0,0
0,1100,11163.7156039476,-600,0,0,0,0,0,0,0,0,0,0,0,0,0,0,0,0,0
0,1100,8805.36708687246,600,0,0,0,0,0,0,0,0,0,0,0,0,0,0,0,0,0
0,1200,11184.1459812671,-600,0,0,0,0,0,0,0,0,0,0,0,0,0,0,0,0,0
0,1200,8784.93370547891,600,0,0,0,0,0,0,0,0,0,0,0,0,0,0,0,0,0
0,1300,11184.4392655939,-600,0,0,0,0,0,0,0,0,0,0,0,0,0,0,0,0,0
0,1300,8784.64734524488,600,0,0,0,0,0,0,0,0,0,0,0,0,0,0,0,0,0
0,1400,11171.1237509698,-600,0,0,0,0,0,0,0,0,0,0,0,0,0,0,0,0,0
0,1400,8797.90753413737,600,0,0,0,0,0,0,0,0,0,0,0,0,0,0,0,0,0
0,1500,11136.6565264612,-600,0,0,0,0,0,0,0,0,0,0,0,0,0,0,0,0,0
0,1500,8832.31538175046,600,0,0,0,0,0,0,0,0,0,0,0,0,0,0,0,0,0
0,1600,11149.0274765491,-600,0,0,0,0,0,0,0,0,0,0,0,0,0,0,0,0,0
0,1600,8819.82742150128,600,0,0,0,0,0,0,0,0,0,0,0,0,0,0,0,0,0
0,1700,10997.2071144581,-600,0,0,0,0,0,0,0,0,0,0,0,0,0,0,0,0,0
0,1700,8971.7733527422,600,0,0,0,0,0,0,0,0,0,0,0,0,0,0,0,0,0
0,1800,10857.5582818389,-600,0,0,0,0,0,0,0,0,0,0,0,0,0,0,0,0,0
0,1800,9111.52736635506,600,0,0,0,0,0,0,0,0,0,0,0,0,0,0,0,0,0
0,1900,10758.0748886317,-600,0,0,0,0,0,0,0,0,0,0,0,0,0,0,0,0,0
0,1900,9211.04426799715,600,0,0,0,0,0,0,0,0,0,0,0,0,0,0,0,0,0
0,2000,10690.2067935169,-600,0,0,0,0,0,0,0,0,0,0,0,0,0,0,0,0,0
0,2000,9278.91683232784,600,0,0,0,0,0,0,0,0,0,0,0,0,0,0,0,0,0
0,2100,10668.638135463,-600,0,0,0,0,0,0,0,0,0,0,0,0,0,0,0,0,0
0,2100,9300.48525443673,600,0,0,0,0,0,0,0,0,0,0,0,0,0,0,0,0,0
0,2200,10685.171431154,-600,0,0,0,0,0,0,0,0,0,0,0,0,0,0,0,0,0
0,2200,9283.9358869195,600,0,0,0,0,0,0,0,0,0,0,0,0,0,0,0,0,0
0,2300,10737.2210380435,-600,0,0,0,0,0,0,0,0,0,0,0,0,0,0,0,0,0
0,2300,9231.86586546898,600,0,0,0,0,0,0,0,0,0,0,0,0,0,0,0,0,0
0.01,2400,10816.9464148283,-600,0,0,0,0,0,0,0,0,0,0,0,0,0,0,0,0,0
0,2400,9152.09010767937,600,0,0,0,0,0,0,0,0,0,0,0,0,0,0,0,0,0
0.21,2500,10937.3316989392,-600,0,0,0,0,0,0,0,0,0,0,0,0,0,0,0,0,0
0,2500,9031.60761280358,600,0,0,0,0,0,0,0,0,0,0,0,0,0,0,0,0,0
0,2600,10908.5568115711,-600,0,0,0,0,0,0,0,0,0,0,0,0,0,0,0,0,0
0,2600,9060.46969644725,600,0,0,0,0,0,0,0,0,0,0,0,0,0,0,0,0,0
0,2700,10906.4524649382,-600,0,0,0,0,0,0,0,0,0,0,0,0,0,0,0,0,0
0,2700,9062.62061688304,600,0,0,0,0,0,0,0,0,0,0,0,0,0,0,0,0,0
0,2800,10857.0541590005,-600,0,0,0,0,0,0,0,0,0,0,0,0,0,0,0,0,0
0,2800,9112.0629568249,600,0,0,0,0,0,0,0,0,0,0,0,0,0,0,0,0,0
0,2900,10746.6724179834,-600,0,0,0,0,0,0,0,0,0,0,0,0,0,0,0,0,0
0,2900,9222.45245350897,600,0,0,0,0,0,0,0,0,0,0,0,0,0,0,0,0,0
0,3000,10557.3833020777,-600,0,0,0,0,0,0,0,0,0,0,0,0,0,0,0,0,0
0,3000,9411.7257656157,600,0,0,0,0,0,0,0,0,0,0,0,0,0,0,0,0,0
0,3100,9696.80334876478,600,0,0,0,0,0,0,0,0,0,0,0,0,0,0,0,0,0
0,3100,10272.2815906256,-600,0,0,0,0,0,0,0,0,0,0,0,0,0,0,0,0,0
0,3200,10081.5288865417,600,0,0,0,0,0,0,0,0,0,0,0,0,0,0,0,0,0
0,3200,9887.57438626885,-600,0,0,0,0,0,0,0,0,0,0,0,0,0,0,0,0,0
0,3300,9389.70917488635,-600,0,0,0,0,0,0,0,0,0,0,0,0,0,0,0,0,0
0,3300,10579.3665962666,600,0,0,0,0,0,0,0,0,0,0,0,0,0,0,0,0,0
0,3400,11178.8943980038,600,0,0,0,0,0,0,0,0,0,0,0,0,0,0,0,0,0
0,3400,8789.89540275931,-600,0,0,0,0,0,0,0,0,0,0,0,0,0,0,0,0,0
0,3500,11537.9607732594,600,0,0,0,0,0,0,0,0,0,0,0,0,0,0,0,0,0
0,3500,8430.81954015791,-600,0,0,0,0,0,0,0,0,0,0,0,0,0,0,0,0,0
0,3600,11745.4554140419,600,0,0,0,0,0,0,0,0,0,0,0,0,0,0,0,0,0
0,3600,8223.51605989039,-600,0,0,0,0,0,0,0,0,0,0,0,0,0,0,0,0,0
0,3700,11676.768399924,600,0,0,0,0,0,0,0,0,0,0,0,0,0,0,0,0,0
0,3700,8292.27395749092,-600,0,0,0,0,0,0,0,0,0,0,0,0,0,0,0,0,0
0,3800,11307.6769858301,600,0,0,0,0,0,0,0,0,0,0,0,0,0,0,0,0,0
0,3800,8661.38814672828,-600,0,0,0,0,0,0,0,0,0,0,0,0,0,0,0,0,0
0,3900,9294.9506817162,-600,0,0,0,0,0,0,0,0,0,0,0,0,0,0,0,0,0
0,3900,10674.02851367,600,0,0,0,0,0,0,0,0,0,0,0,0,0,0,0,0,0
0,4000,10174.2069374025,-600,0,0,0,0,0,0,0,0,0,0,0,0,0,0,0,0,0
0,4000,9794.79946686327,600,0,0,0,0,0,0,0,0,0,0,0,0,0,0,0,0,0
0,4100,11261.6674772948,-600,0,0,0,0,0,0,0,0,0,0,0,0,0,0,0,0,0
0,4100,8706.9404052645,600,0,0,0,0,0,0,0,0,0,0,0,0,0,0,0,0,0
0,4200,12184.8832829893,-600,0,0,0,0,0,0,0,0,0,0,0,0,0,0,0,0,0
0,4200,7783.40667025745,600,0,0,0,0,0,0,0,0,0,0,0,0,0,0,0,0,0
0,4300,13064.6182157099,-600,0,0,0,0,0,0,0,0,0,0,0,0,0,0,0,0,0
0,4300,6903.27589048445,600,0,0,0,0,0,0,0,0,0,0,0,0,0,0,0,0,0
0,4400,13822.9399991482,-600,0,0,0,0,0,0,0,0,0,0,0,0,0,0,0,0,0
0,4400,6143.6330781132,600,0,0,0,0,0,0,0,0,0,0,0,0,0,0,0,0,0
0,4500,14412.673454091,-600,0,0,0,0,0,0,0,0,0,0,0,0,0,0,0,0,0
0,4500,5552.71317796409,600,0,0,0,0,0,0,0,0,0,0,0,0,0,0,0,0,0
0,4600,14800.9165319353,-600,0.07,0,0,0,0,0.12,0.12,0.12,0.14,0.15,0.16,0.16,0.14,0.12,0.12,0.12,0.12
0,4600,5162.44130676985,600,0,0,0,0,0,0,0,0,0,0,0,0,0,0,0,0,0
0.01,4700,15336.0907873511,-600,0.13,0,0,0,0,0.43,0.43,0.4,0.39,0.38,0.38,0.38,0.39,0.39,0.42,0.43,0.43
0,4700,4623.04663525522,600,0,0,0,0,0,0,0,0,0,0,0,0,0,0,0,0,0
0.01,4800,15085.540089488,-600,0.13,0,0,0,0,0.46,0.45,0.44,0.43,0.42,0.41,0.42,0.42,0.43,0.44,0.46,0.46
0,4800,4875.35654121637,600,0,0,0,0,0,0,0,0,0,0,0,0,0,0,0,0,0
0,4900,14654.3576151505,-600,0,0,0,0,0,0.04,0.04,0.04,0.04,0.04,0.04,0.04,0.04,0.04,0.04,0.04,0.04
0,4900,5310.00622881949,600,0,0,0,0,0,0,0,0,0,0,0,0,0,0,0,0,0
0,5000,14218.9012179077,-600,0,0,0,0,0,0,0,0,0,0,0,0,0,0,0,0,0
0,5000,5746.85697279125,600,0,0,0,0,0,0,0,0,0,0,0,0,0,0,0,0,0
0,5100,13648.0028044954,-600,0,0,0,0,0,0,0,0,0,0,0,0,0,0,0,0,0
0,5100,6318.94381564856,600,0,0,0,0,0,0,0,0,0,0,0,0,0,0,0,0,0
0,5200,6965.13737246394,600,0,0,0,0,0,0,0,0,0,0,0,0,0,0,0,0,0
0,5200,13002.8962604031,-600,0,0,0,0,0,0,0,0,0,0,0,0,0,0,0,0,0
0,5300,7587.2886903584,600,0,0,0,0,0,0,0,0,0,0,0,0,0,0,0,0,0
0,5300,12380.6988847703,-600,0,0,0,0,0,0,0,0,0,0,0,0,0,0,0,0,0
0,5400,8076.70490304381,600,0,0,0,0,0,0,0,0,0,0,0,0,0,0,0,0,0
0,5400,11891.5220275447,-600,0,0,0,0,0,0,0,0,0,0,0,0,0,0,0,0,0
0,5500,8803.92678148672,600,0,0,0,0,0,0,0,0,0,0,0,0,0,0,0,0,0
0,5500,11165.1610534675,-600,0,0,0,0,0,0,0,0,0,0,0,0,0,0,0,0,0
0,5600,9226.76597253606,600,0,0,0,0,0,0,0,0,0,0,0,0,0,0,0,0,0
0,5600,10742.3868604451,-600,0,0,0,0,0,0,0,0,0,0,0,0,0,0,0,0,0
0,5700,9638.6878076084,600,0,0,0,0,0,0,0,0,0,0,0,0,0,0,0,0,0
0,5700,10330.4301899783,-600,0,0,0,0,0,0,0,0,0,0,0,0,0,0,0,0,0
0,5800,10083.0761541091,600,0,0,0,0,0,0,0,0,0,0,0,0,0,0,0,0,0
0,5800,9886.03387351334,-600,0,0,0,0,0,0,0,0,0,0,0,0,0,0,0,0,0
0,5900,10581.6463053487,600,0,0,0,0,0,0,0,0,0,0,0,0,0,0,0,0,0
0,5900,9387.50799858198,-600,0,0,0,0,0,0,0,0,0,0,0,0,0,0,0,0,0
0,6000,11132.5349212177,600,0,0,0,0,0,0,0,0,0,0,0,0,0,0,0,0,0
0,6000,8836.60906628519,-600,0,0,0,0,0,0,0,0,0,0,0,0,0,0,0,0,0
0,6100,11716.7691569328,600,0,0,0,0,0,0.03,0.01,0,0,0,0,0,0,0,0.01,0.02,0.03
0.05,6100,8252.16409192979,-600,0.05,0,0,0,0,0.11,0.11,0.12,0.13,0.13,0.14,0.14,0.13,0.12,0.12,0.11,0.1
0,6200,12315.1257656589,600,0,0,0,0,0,0.09,0.05,0.03,0.01,0,0,0,0,0.02,0.04,0.08,0.1
0.04,6200,7653.25017239153,-600,0.08,0,0,0,0,0.29,0.3,0.3,0.31,0.31,0.32,0.31,0.31,0.31,0.3,0.29,0.29
0,6300,13101.1641614959,600,0,0,0,0,0,0.01,0,0,0,0,0,0,0,0,0,0.01,0.02
0.4,6300,6865.3986229822,-600,0.07,0,0,0,0,0.84,0.84,0.84,0.84,0.84,0.84,0.84,0.84,0.84,0.84,0.84,0.84
0,6400,13750.0690740943,600,0,0,0,0,0,0,0,0,0,0,0,0,0,0,0,0,0
0.48,6400,6214.94746489823,-600,0.09,0,0,0,0,1,1,1,1,1,1,1,1,1,1,1,1
0.48,6500,5667.46728378534,-600,0.09,0,0,0,0,1,1,1,1,1,1,1,1,1,1,1,1
0,6500,14297.2320247442,600,0,0,0,0,0,0,0,0,0,0,0,0,0,0,0,0,0
0.48,6600,5182.73534710705,-600,0.09,0,0,0,0,1,1,1,1,1,1,1,1,1,1,1,1
0,6600,14781.6599861458,600,0,0,0,0,0,0,0,0,0,0,0,0,0,0,0,0,0
0,6700,14978.6647530049,600,0,0,0,0,0,0,0,0,0,0,0,0,0,0,0,0,0
0.48,6700,4985.11400043964,-600,0.09,0,0,0,0,1,1,1,1,1,1,1,1,1,1,1,1
0,6800,14750.0443078429,600,0,0,0,0,0,0,0,0,0,0,0,0,0,0,0,0,0
0.48,6800,5214.73984920979,-600,0.09,0,0,0,0,1,1,1,1,1,1,1,1,1,1,1,1
0,6900,14394.2093944103,600,0,0,0,0,0,0,0,0,0,0,0,0,0,0,0,0,0
0.48,6900,5569.27033260465,-600,0.09,0,0,0,0,1,1,1,1,1,1,1,1,1,1,1,1
0,7000,12994.0911051482,600,0,0,0,0,0,0,0,0,0,0,0,0,0,0,0,0,0
0.36,7000,6973.29873050749,-600,0.07,0,0,0,0,0.8,0.8,0.8,0.8,0.79,0.79,0.79,0.79,0.8,0.8,0.8,0.8
0,7100,11893.2758375108,600,0,0,0,0,0,0,0,0,0,0,0,0,0,0,0,0,0
0.03,7100,8075.77456960082,-600,0.01,0,0,0,0,0.09,0.08,0.08,0.08,0.08,0.08,0.08,0.08,0.08,0.08,0.09,0.09
0,7200,8903.27340684831,-600,0,0,0,0,0,0,0,0,0,0,0,0,0,0,0,0,0
0,7200,11065.8810771704,600,0,0,0,0,0,0,0,0,0,0,0,0,0,0,0,0,0
0,7300,9575.39599391818,-600,0,0,0,0,0,0,0,0,0,0,0,0,0,0,0,0,0
0,7300,10393.7037615329,600,0,0,0,0,0,0,0,0,0,0,0,0,0,0,0,0,0
0,7400,10105.5452597588,-600,0,0,0,0,0,0,0,0,0,0,0,0,0,0,0,0,0
0,7400,9863.56588608027,600,0,0,0,0,0,0,0,0,0,0,0,0,0,0,0,0,0
0,7500,10492.4994464219,-600,0,0,0,0,0,0,0,0,0,0,0,0,0,0,0,0,0
0,7500,9476.63175414503,600,0,0,0,0,0,0,0,0,0,0,0,0,0,0,0,0,0
0,7600,10757.0180785507,-600,0,0,0,0,0,0,0,0,0,0,0,0,0,0,0,0,0
0,7600,9212.07197441161,600,0,0,0,0,0,0,0,0,0,0,0,0,0,0,0,0,0
0,7700,11004.7943929434,-600,0,0,0,0,0,0,0,0,0,0,0,0,0,0,0,0,0
0,7700,8964.10692319274,600,0,0,0,0,0,0,0,0,0,0,0,0,0,0,0,0,0
0,7800,11017.5355956405,-600,0,0,0,0,0,0,0,0,0,0,0,0,0,0,0,0,0
0,7800,8951.44149422646,600,0,0,0,0,0,0,0,0,0,0,0,0,0,0,0,0,0
0,7900,8864.15332776308,600,0,0,0,0,0,0,0,0,0,0,0,0,0,0,0,0,0
0,7900,11104.8468867987,-600,0,0,0,0,0,0,0,0,0,0,0,0,0,0,0,0,0
0,8000,11227.1138498187,-600,0,0,0,0,0,0,0,0,0,0,0,0,0,0,0,0,0
0,8000,8741.91873364151,600,0,0,0,0,0,0,0,0,0,0,0,0,0,0,0,0,0
0,8100,11381.9024871141,-600,0,0,0,0,0,0,0,0,0,0,0,0,0,0,0,0,0
0,8100,8587.15071286261,600,0,0,0,0,0,0,0,0,0,0,0,0,0,0,0,0,0
0,8200,8427.29724112153,600,0,0,0,0,0,0,0,0,0,0,0,0,0,0,0,0,0
0,8200,11541.7233412266,-600,0,0,0,0,0,0,0,0,0,0,0,0,0,0,0,0,0
0,8300,8300.4899213016,600,0,0,0,0,0,0,0,0,0,0,0,0,0,0,0,0,0
0,8300,11668.5510782301,-600,0,0,0,0,0,0,0,0,0,0,0,0,0,0,0,0,0
0,8400,11793.6872635186,-600,0,0,0,0,0,0,0,0,0,0,0,0,0,0,0,0,0
0,8400,8175.00750924647,600,0,0,0,0,0,0,0,0,0,0,0,0,0,0,0,0,0
0,8500,11997.85798648,-600,0,0,0,0,0,0,0,0,0,0,0,0,0,0,0,0,0
0,8500,7970.48642918468,600,0,0,0,0,0,0,0,0,0,0,0,0,0,0,0,0,0
0,8600,11693.3019170761,-600,0,0,0,0,0,0,0,0,0,0,0,0,0,0,0,0,0
0,8600,8275.96500685811,600,0,0,0,0,0,0,0,0,0,0,0,0,0,0,0,0,0
0,8700,12950.5571026504,-600,0,0,0,0,0,0,0,0,0,0,0,0,0,0,0,0,0
0.05,8700,7017.5266200304,600,0.21,0,0,0,0,0,0,0,0,0,0,0,0,0,0,0,0
0,8800,10067.3741990328,-600,0,0,0,0,0,0,0,0,0,0,0,0,0,0,0,0,0
0.11,8800,9901.45598659664,600,0.43,0,0,0,0,0,0,0,0,0,0,0,0,0,0,0,0
